Category,Title,URL,Abstract
Image Generation,Attribution as Retrieval: Model-Agnostic AI-Generated Image Attribution,https://openaccess.thecvf.com/content/CVPR2026/html/Wang_Attribution_as_Retrieval_Model-Agnostic_AI-Generated_Image_Attribution_CVPR_2026_paper.html,"With the rapid advancement of AIGC technologies, image forensics will encounter unprecedented challenges. Traditional methods are incapable of dealing with increasingly realistic images generated by rapidly evolving image generation techniques. To facilitate the identification of AI-generated images and the attribution of their source models, generative image watermarking and AI-generated image at"
Image Generation,Guiding a Diffusion Model by Swapping Its Tokens,https://openaccess.thecvf.com/content/CVPR2026/html/Zhang_Guiding_a_Diffusion_Model_by_Swapping_Its_Tokens_CVPR_2026_paper.html,"Classifier-Free Guidance (CFG) is a widely used inference-time technique to boost the image quality of diffusion models. Yet, its reliance on text conditions prevents its use in unconditional generation. We propose a simple method to enable CFG-like guidance for both conditional and unconditional generation. The key idea is to generate a perturbed prediction via simple token swap operations, and u"
Image Generation,SenCache: Accelerating Diffusion Model Inference via Sensitivity-Aware Caching,https://openaccess.thecvf.com/content/CVPR2026/html/Haghighi_SenCache_Accelerating_Diffusion_Model_Inference_via_Sensitivity-Aware_Caching_CVPR_2026_paper.html,"Diffusion models achieve state-of-the-art video generation but their many sequential denoising steps create a major computational bottleneck. Existing acceleration methods reuse cached model outputs at fixed timesteps chosen through heuristics, requiring heavy tuning and failing to adapt to each sample’s complexity. We address this with a principled, sensitivity-aware caching framework. We first f"
Image Generation,Streaming Diffusion Model for Fast Infrared and Visible Video Fusion,https://openaccess.thecvf.com/content/CVPR2026/html/Liu_Streaming_Diffusion_Model_for_Fast_Infrared_and_Visible_Video_Fusion_CVPR_2026_paper.html,"Infrared and visible video fusion is pivotal for robust perceptual systems, aiming to synthesize a comprehensive video stream that leverages both thermal resilience and textured details. However, prevailing methods, by treating video as independent frames, inherently introduce temporal incoherence, such as flickering and ghosting artifacts. While diffusion models possess strong generative priors t"
Image Generation,ChordEdit: One-Step Low-Energy Transport for Image Editing,https://openaccess.thecvf.com/content/CVPR2026/html/Lu_ChordEdit_One-Step_Low-Energy_Transport_for_Image_Editing_CVPR_2026_paper.html,"The advent of one-step text-to-image (T2I) models offers unprecedented synthesis speed. However, their application to text-guided image editing remains severely hampered, as forcing existing training-free editors into a single inference step fails. This failure manifests as severe object distortion and a critical loss of consistency in non-edited regions, resulting from the high-energy, erratic tr"
Image Generation,Where Culture Fades: Revealing the Cultural Gap in Text-to-Image Generation,https://openaccess.thecvf.com/content/CVPR2026/html/Shi_Where_Culture_Fades_Revealing_the_Cultural_Gap_in_Text-to-Image_Generation_CVPR_2026_paper.html,"Multilingual text-to-image (T2I) models have advanced rapidly in terms of visual realism and semantic alignment, and are now widely utilised. Yet outputs vary across cultural contexts: because language carries cultural connotations, images synthesized from multilingual prompts should preserve cross-lingual cultural consistency. We conduct a comprehensive analysis showing that current T2I models of"
Image Generation,CoLoGen: Progressive Learning of Concept–Localization Duality for Unified Image Generation,https://cvpr.thecvf.com/virtual/2026/poster/36642,"Unified conditional image generation remains difficult because different tasks depend on fundamentally different internal representations. Some require conceptual understanding for semantic synthesis, while others rely on localization cues for spatial precision. Forcing these heterogeneous tasks to share a single representation leads to concept-localization representational conflict.To address thi"
Image Generation,When Safety Collides: Resolving Multi-Category Harmful Conflicts in Text-to-Image Diffusion via Adaptive Safety Guidance,https://openaccess.thecvf.com/content/CVPR2026/html/Xiang_When_Safety_Collides_Resolving_Multi-Category_Harmful_Conflicts_in_Text-to-Image_Diffusion_CVPR_2026_paper.html,"Text-to-Image (T2I) diffusion models have demonstrated significant advancements in generating high-quality images, while raising potential safety concerns regarding harmful content generation. Safety-guidance-based methods have been proposed to mitigate harmful outputs by steering generation away from harmful zones, where the zones are averaged across multiple harmful categories based on predefine"
Image Generation,PSR: Scaling Multi-Subject Personalized Image Generation with Pairwise Subject-Consistency Rewards,https://openaccess.thecvf.com/content/CVPR2026/html/Wang_PSR_Scaling_Multi-Subject_Personalized_Image_Generation_with_Pairwise_Subject-Consistency_Rewards_CVPR_2026_paper.html,"Personalized generation models for a single subject have demonstrated remarkable effectiveness, highlighting their significant potential. However, when extended to multiple subjects, existing models often exhibit degraded performance, particularly in maintaining subject consistency and adhering to textual prompts. We attribute these limitations to the absence of high-quality multi-subject datasets"
Image Generation,Improving Text-to-Image Generation with Intrinsic Self-Confidence Rewards,https://openaccess.thecvf.com/content/CVPR2026/html/Kim_Improving_Text-to-Image_Generation_with_Intrinsic_Self-Confidence_Rewards_CVPR_2026_paper.html,"Text-to-image generation powers content creation across design, media, and data augmentation.Post-training of text-to-image generative models is a promising path to better match human preferences, factuality, and improved aesthetics.We introduce ARC (\textbf{A}daptive \textbf{R}ewarding by Self-\textbf{C}onfidence), a post-training framework that replaces external reward supervision with an intern"
Image Generation,PromptEnhancer: Taming Your Rewriter for Text-to-Image Generation via Fine-Grained Reward,https://openaccess.thecvf.com/content/CVPR2026/html/Wang_PromptEnhancer_Taming_Your_Rewriter_for_Text-to-Image_Generation_via_Fine-Grained_Reward_CVPR_2026_paper.html,"Recent advances in text-to-image (T2I) diffusion models have demonstrated remarkable capabilities in generating high-fidelity images. However, these models often struggle to faithfully render complex user prompts, particularly in aspects such as attribute binding, negation, and compositional relationships. To address this challenge, we introduce PromptEnhancer, a novel and universal prompt rewriti"
Image Generation,VINS-120K: Ultra High-Resolution Image Editing with A Large-Scale Dataset,https://openaccess.thecvf.com/content/CVPR2026/html/Chen_VINS-120K_Ultra_High-Resolution_Image_Editing_with_A_Large-Scale_Dataset_CVPR_2026_paper.html,"Directly editing ultra-high-resolution (UHR) images is valuable but underexplored, primarily due to the lack of high-quality data and the challenge in modeling high-frequency textual details. We introduce VINS-120K, the first large-scale dataset for instruction-based UHR image editing, comprising 120K carefully curated triplets of instruction, input image, and edited image. Each image exceeds 4K r"
Image Generation,I2I-Bench: A Comprehensive Benchmark Suite for Image-to-Image Editing Models,https://openaccess.thecvf.com/content/CVPR2026/html/Wang_I2I-Bench_A_Comprehensive_Benchmark_Suite_for_Image-to-Image_Editing_Models_CVPR_2026_paper.html,"Image editing models are advancing rapidly, yet comprehensive evaluation remains a significant challenge. Existing image editing benchmarks generally suffer from limited task scopes, insufficient evaluation dimensions, and heavy reliance on manual annotations, which significantly constrain their scalability and practical applicability. To address this, we propose I2I-Bench, a comprehensive benchma"
Image Generation,Degradation-Consistent Test-Time Adaptation for All-in-One Image Restoration,https://openaccess.thecvf.com/content/CVPR2026/html/Tang_Degradation-Consistent_Test-Time_Adaptation_for_All-in-One_Image_Restoration_CVPR_2026_paper.html,"All-in-one image restoration (AiOIR) methods have made remarkable progress in handling diverse degradations. However, their performance often deteriorates when the test distribution deviates from the training distribution. Exploring test-time adaptation for AiOIR is therefore crucial. To adapt a pre-trained AiOIR model to unseen degradation distributions without access to source data or retraining"
Image Generation,"Restore, Assess, Repeat: A Unified Framework for Iterative Image Restoration",https://openaccess.thecvf.com/content/CVPR2026/html/Chen_Restore_Assess_Repeat_A_Unified_Framework_for_Iterative_Image_Restoration_CVPR_2026_paper.html,"Image restoration aims to recover high quality images from inputs degraded by various factors, such as adverse weather, blur, or low light. While recent studies have shown remarkable progress across individual or unified restoration tasks, they still suffer from limited generalization and inefficiency when handling unknown or composite degradations. To address these limitations, we propose RAR, a "
Image Generation,"Scan Clusters, Not Pixels: A Cluster-Centric Paradigm for Efficient Ultra-high-definition Image Restoration",https://openaccess.thecvf.com/content/CVPR2026/html/Wu_Scan_Clusters_Not_Pixels_A_Cluster-Centric_Paradigm_for_Efficient_Ultra-high-definition_CVPR_2026_paper.html,"Ultra-High-Definition (UHD) image restoration is trapped in a scalability crisis: existing models, bound to pixel-wise operations, demand unsustainable computation. While state space models (SSMs) like Mamba promise linear complexity, their pixel-serial scanning remains a fundamental bottleneck for the millions of pixels in UHD content. We ask: must we process every pixel to understand the image? "
Image Generation,Dynamic Exposure Burst Image Restoration,https://openaccess.thecvf.com/content/CVPR2026/html/Kim_Dynamic_Exposure_Burst_Image_Restoration_CVPR_2026_paper.html,"Burst image restoration aims to reconstruct a high-quality image from burst images, which are typically captured using manually designed exposure settings.Although these exposure settings significantly influence the final restoration performance, the problem of finding optimal exposure settings has been overlooked.In this paper, we present Dynamic Exposure Burst Image Restoration (DEBIR), a novel "
Image Generation,FAPE-IR: Frequency-Aware Planning and Execution Framework for All-in-One Image Restoration,https://openaccess.thecvf.com/content/CVPR2026/html/Liu_FAPE-IR_Frequency-Aware_Planning_and_Execution_Framework_for_All-in-One_Image_Restoration_CVPR_2026_paper.html,"All-in-One Image Restoration (AIO-IR) aims to develop a unified model that can handle multiple degradations under complex conditions. However, existing methods often rely on task-specific designs or latent routing strategies, making it hard to adapt to real-world scenarios with various degradations. We propose FAPE-IR, a Frequency-Aware Planning and Execution framework for image restoration. It us"
Image Generation,MicroFM: Physics-guided Flow Matching for Isotropic Microscopy Reconstruction,https://openaccess.thecvf.com/content/CVPR2026/html/Zhan_MicroFM_Physics-guided_Flow_Matching_for_Isotropic_Microscopy_Reconstruction_CVPR_2026_paper.html,"Isotropic microscopy reconstruction remains challenging because the anisotropic point spread function in optical systems yields much poorer axial resolution and hampers accurate 3D analysis. Hardware strategies can approach isotropy, yet they are complex, costly, susceptible to sidelobes, and introduce phototoxicity. Deep learning based approaches reduce acquisition burden, but common synthetic pi"
Image Generation,Hidden Dangers of Compositional Generation: Diagnosing Semantic Safety Failures in Text-to-Image Models,https://openaccess.thecvf.com/content/CVPR2026/html/Yang_Hidden_Dangers_of_Compositional_Generation_Diagnosing_Semantic_Safety_Failures_in_CVPR_2026_paper.html,"\begin{abstract}Text-to-Image (\textbf{T2I}) models have achieved significant progress in generating high-quality images, with compositional visual generation emerging as an important capability that enables them to synthesize coherent, natural scenes from multiple discrete concepts. However, this powerful compositionality, while enhancing creativity, also introduces new safety risks: combinations"
Image Generation,JANUS: A Lightweight Framework for Jailbreaking Text-to-Image Models via Distribution Optimization,https://openaccess.thecvf.com/content/CVPR2026/html/Zheng_JANUS_A_Lightweight_Framework_for_Jailbreaking_Text-to-Image_Models_via_Distribution_CVPR_2026_paper.html,"Text-to-image (T2I) models such as Stable Diffusion and DALLE remain susceptible to generating harmful or Not-Safe-For-Work (NSFW) content under jailbreak attacks despite deployed safety filters. Existing jailbreak attacks either rely on proxy-loss optimization instead of the true end-to-end objective, or depend on large-scale and costly RL-trained generators. Motivated by these limitations, we pr"
Image Generation,GenBreak: Red Teaming Text-to-Image Generation Using Large Language Models,https://openaccess.thecvf.com/content/CVPR2026/html/Wang_GenBreak_Red_Teaming_Text-to-Image_Generation_Using_Large_Language_Models_CVPR_2026_paper.html,"Text-to-image (T2I) models such as Stable Diffusion have advanced rapidly and are now widely used in content creation. However, these models can be misused to generate harmful content, including nudity or violence, posing significant safety risks. While most platforms employ content moderation systems, underlying vulnerabilities can still be exploited by deliberate adversaries.Recent research on r"
Image Generation,Few-shot Acoustic Synthesis with Multimodal Flow Matching,https://openaccess.thecvf.com/content/CVPR2026/html/Brunetto_Few-shot_Acoustic_Synthesis_with_Multimodal_Flow_Matching_CVPR_2026_paper.html,"Generating audio that is acoustically consistent with a scene is essential for immersive virtual environments. Recent neural acoustic field methods enable spatially continuous sound rendering but remain scene-specific, requiring dense audio measurements and costly training for each environment. Few-shot approaches improve scalability across rooms but still rely on multiple recordings and, being de"
Image Generation,Linear Image Generation by Synthesizing Exposure Brackets,https://openaccess.thecvf.com/content/CVPR2026/html/Dai_Linear_Image_Generation_by_Synthesizing_Exposure_Brackets_CVPR_2026_paper.html,"The life of a photo begins with photons striking the sensor, whose signals are passed through a sophisticated image signal processing  (ISP) pipeline to produce a display-referred image. However, such images are no longer faithful to the incident light, being compressed in dynamic range and stylized by subjective preferences. In contrast, RAW images record direct sensor signals before non-linear t"
Image Generation,UniGenDet: A Unified Generative-Discriminative Framework for Co-Evolutionary Image Generation and Generated Image Detection,https://openaccess.thecvf.com/content/CVPR2026/html/Zhang_UniGenDet_A_Unified_Generative-Discriminative_Framework_for_Co-Evolutionary_Image_Generation_and_CVPR_2026_paper.html,"In recent years, significant progress has been made in both image generation and generated image detection. Despite their rapid, yet largely independent, development, these two fields have evolved distinct architectural paradigms: the former predominantly relies on generative networks, while the latter favors discriminative frameworks. A recent trend in both domains is the use of adversarial infor"
Image Generation,"iMontage: Unified, Versatile, Highly Dynamic Many-to-many Image Generation",https://openaccess.thecvf.com/content/CVPR2026/html/Fu_iMontage_Unified_Versatile_Highly_Dynamic_Many-to-many_Image_Generation_CVPR_2026_paper.html,"Pre-trained video models learn powerful priors for generating high-quality, temporally coherent content. While these models excel at temporal coherence, their dynamics are often constrained by the continuous nature of their training data. We hypothesize that by injecting the rich and unconstrained content diversity from image data into this coherent temporal framework, we can generate image sets t"
Image Generation,Toward Real-world Infrared Image Super-Resolution: A Unified Autoregressive Framework and Benchmark Dataset,https://openaccess.thecvf.com/content/CVPR2026/html/Zou_Toward_Real-world_Infrared_Image_Super-Resolution_A_Unified_Autoregressive_Framework_and_CVPR_2026_paper.html,"Infrared Image Super-Resolution (IISR) under real-world conditions is a practically significant yet rarely addressed task. Pioneering works are often trained and evaluated on simulated datasets or neglect the intrinsic differences between infrared and visible imaging. In practice, however, real infrared images are affected by coupled optical and sensing degradations that jointly deteriorate both s"
Image Generation,PatchScene: Patch-based Voxel Diffusion Model for Large-Scale Scene Completion,https://openaccess.thecvf.com/content/CVPR2026/html/Xu_PatchScene_Patch-based_Voxel_Diffusion_Model_for_Large-Scale_Scene_Completion_CVPR_2026_paper.html,"We propose PatchScene, a novel diffusion-based framework for large-scale LiDAR scene completion. Unlike existing methods that rely on global latent representations or dense voxel grids, PatchScene adopts a patch-based voxel diffusion paradigm that explicitly generates fine-grained geometry within localized 3D regions. To ensure coherent reconstruction at both spatial and temporal scales, we introd"
Image Generation,Prototype-Guided Concept Erasure in Diffusion Models,https://openaccess.thecvf.com/content/CVPR2026/html/Cai_Prototype-Guided_Concept_Erasure_in_Diffusion_Models_CVPR_2026_paper.html,"Concept erasure is extensively utilized in image generation to prevent text-to-image models from generating undesired content.    Existing methods can effectively erase narrow concepts that are specific and concrete, such as distinct intellectual properties (e.g. Pikachu) or recognizable characters (e.g. Elon Musk).    However, their performance degrades on broad concepts such as ''sexual'' or ''v"
Image Generation,"Do Less, Achieve More: Do We Need Every-Step Optimization for RL Fine-tuning of Diffusion Models?",https://openaccess.thecvf.com/content/CVPR2026/html/Yan_Do_Less_Achieve_More_Do_We_Need_Every-Step_Optimization_for_CVPR_2026_paper.html,"Diffusion models have achieved outstanding success in image generation, yet their objectives are often limited to reconstruction, making it difficult to align with human preferences directly. Reinforcement learning (RL) offers a promising approach to address this by optimizing models using explicit reward signals. However, most studies apply RL across the entire denoising process, which is both co"
Image Generation,CSF: Black-box Fingerprinting via Compositional Semantics for Text-to-Image Models,https://openaccess.thecvf.com/content/CVPR2026/html/Lee_CSF_Black-box_Fingerprinting_via_Compositional_Semantics_for_Text-to-Image_Models_CVPR_2026_paper.html,"Text-to-image models have become commercially valuable assets distributed under restrictive licenses to prevent unauthorized fine-tuning and redistribution, yet violations are only enforceable when detectable. Existing methods require pre-deployment injection or white-box access to model weights or gray-box access to intermediate activations—capabilities, which are unavailable in commercial API de"
Image Generation,Selectively Extracting and Injecting Visual Attributes into Text-to-Image Models,https://openaccess.thecvf.com/content/CVPR2026/html/Choi_Selectively_Extracting_and_Injecting_Visual_Attributes_into_Text-to-Image_Models_CVPR_2026_paper.html,"Text-to-image models are increasingly utilized in design workflows, but articulating nuanced design intentions through text remains a challenge. This work proposes a method that extracts a visual attribute from a reference image and injects it directly into the generation pipeline. The method optimizes a text token to exclusively represent the target attribute using a custom training prompt and tw"
Image Generation,Neighbor-Aware Localized Concept Erasure in Text-to-Image Diffusion Models,https://openaccess.thecvf.com/content/CVPR2026/html/Shi_Neighbor-Aware_Localized_Concept_Erasure_in_Text-to-Image_Diffusion_Models_CVPR_2026_paper.html,"Concept erasure in text-to-image diffusion models seeks to remove undesired concepts while preserving overall generative capability. Localized erasure methods aim to restrict edits to the spatial region occupied by the target concept. However, we observe that suppressing a concept can unintentionally weaken semantically related neighbor concepts, reducing fidelity in fine-grained domains. We propo"
Image Generation,WeMMU: Enhanced Bridging of Vision-Language Models and Diffusion Models via Noisy Query Tokens,https://openaccess.thecvf.com/content/CVPR2026/html/Yang_WeMMU_Enhanced_Bridging_of_Vision-Language_Models_and_Diffusion_Models_via_CVPR_2026_paper.html,"Recent progress in multimodal large language models (MLLMs) has highlighted the challenge of efficiently bridging pre-trained Vision-Language Models (VLMs) with Diffusion Models. While methods using a fixed number of learnable query tokens offer computational efficiency, they suffer from task generalization collapse, failing to adapt to new tasks that are distant from their pre-training tasks. To "
Image Generation,All-in-One Slider for Attribute Manipulation in Diffusion Models,https://openaccess.thecvf.com/content/CVPR2026/html/Ye_All-in-One_Slider_for_Attribute_Manipulation_in_Diffusion_Models_CVPR_2026_paper.html,"Text-to-image (T2I) diffusion models have made significant strides in generating high-quality images. However, progressively manipulating certain attributes of generated images to meet the desired user expectations remains challenging, particularly for content with rich details, such as human faces. Some studies have attempted to address this by training slider modules. However, they follow a \tex"
Image Generation,Locate-Then-Examine: Grounded Region Reasoning Improves Detection of AI-Generated Images,https://openaccess.thecvf.com/content/CVPR2026/html/Ji_Locate-Then-Examine_Grounded_Region_Reasoning_Improves_Detection_of_AI-Generated_Images_CVPR_2026_paper.html,"The rapid growth of AI-generated imagery has blurred the boundary between real and synthetic content, raising practical concerns for digital integrity. Vision-language models (VLMs) can provide natural language explanations, but standard one-pass classifiers often miss subtle artifacts in high-quality synthetic images and offer limited grounding in the pixels. We propose \textbf{Locate-Then-Examin"
Image Generation,DPGF-Net: Dual-Prior Guided Fusion Network for Joint Assessment of Perceptual Quality and Semantic Consistency in AI-Generated Images,https://openaccess.thecvf.com/content/CVPR2026/html/Li_DPGF-Net_Dual-Prior_Guided_Fusion_Network_for_Joint_Assessment_of_Perceptual_CVPR_2026_paper.html,"The development of AI-generated technology requires effective image quality assessment (AGIQA) methods to jointly evaluate visual quality and text-content alignment, ensuring that the generated content is both visually appealing and faithful to the user's instructions. Nevertheless, visual degradation and text-content misalignment often coincide, and it is difficult to tell whether a bad subjectiv"
Image Generation,UniPixie: Unified and Probabilistic 3D Physics Learning via Flow Matching,https://openaccess.thecvf.com/content/CVPR2026/html/Huang_UniPixie_Unified_and_Probabilistic_3D_Physics_Learning_via_Flow_Matching_CVPR_2026_paper.html,"Recent progress in 3D reconstruction, such as NeRFs and 3D Gaussian Splatting, has made it easy to recover geometry and appearance from images. However, these static representations remain blind to the physics that govern how objects deform and respond to forces. Building interactive 3D worlds therefore requires predicting not only shape but the underlying material properties. Prior approaches eit"
Image Generation,Self-Corrected Image Generation with Explainable Latent Rewards,https://openaccess.thecvf.com/content/CVPR2026/html/Luo_Self-Corrected_Image_Generation_with_Explainable_Latent_Rewards_CVPR_2026_paper.html,"Despite significant progress in text-to-image generation, aligning outputs with complex prompts remains challenging, particularly for fine-grained semantics and spatial relations. This difficulty stems from the feed-forward nature of generation, which requires anticipating alignment without fully understanding the output. In contrast, evaluating generated images is more tractable. Motivated by thi"
Image Generation,PoseD-Flow: Versatile and Guided Flow Matching Model of Human Pose,https://openaccess.thecvf.com/content/CVPR2026/html/Nadar_PoseD-Flow_Versatile_and_Guided_Flow_Matching_Model_of_Human_Pose_CVPR_2026_paper.html,"Generative pose priors have recently emerged as a powerful tool for inference under occlusion or noise. Yet today’s strongest generative paradigm, *flow matching*, remains unused for human pose due to two fundamental barriers: the absence of a pre-trained flow prior and the non-Euclidean nature of articulated poses. We overcome both by introducing **PoseD-Flow**, a novel framework to unify Riemann"
Image Generation,Towards Generalizable AI-Generated Image Detection via Image-Adaptive Prompt Learning,https://openaccess.thecvf.com/content/CVPR2026/html/Li_Towards_Generalizable_AI-Generated_Image_Detection_via_Image-Adaptive_Prompt_Learning_CVPR_2026_paper.html,"In AI-generated image detection, current cutting-edge methods typically adapt pre-trained foundation models through partial-parameter fine-tuning. However, these approaches often struggle to generalize to forgeries from unseen generators, as the fine-tuned models capture only limited patterns from training data and fail to reflect the evolving traits of new ones. To overcome this limitation, we pr"
Image Generation,PPM-CLIP: Probabilistic Prompt Modeling for Generalizable AI-Generated Image Detection,https://openaccess.thecvf.com/content/CVPR2026/html/Wang_PPM-CLIP_Probabilistic_Prompt_Modeling_for_Generalizable_AI-Generated_Image_Detection_CVPR_2026_paper.html,"The rapid rise of highly realistic AI-generated images necessitates reliable and generalizable detection methods. However, existing methods are constrained by their discriminative nature: by learning a single static decision boundary, they tend to memorize generator-specific artifacts and consequently fail to generalize to the unseen distributions of new generative models. To overcome this limitat"
Image Generation,MagicQuill V2: Precise and Interactive Image Editing with Layered Visual Cues,https://openaccess.thecvf.com/content/CVPR2026/html/Liu_MagicQuill_V2_Precise_and_Interactive_Image_Editing_with_Layered_Visual_CVPR_2026_paper.html,"We propose MagicQuill V2, a novel framework that introduces a layered composition paradigm to generative image editing, bridging the gap between the semantic power of modern diffusion models and the granular control of traditional graphics software. While state-of-the-art diffusion transformers excel at holistic generation, their use of singular, monolithic prompts fails to disentangle distinct us"
Image Generation,NEAF: Natural Image Editing with Attention Fusion for Generalizable Test-time Optimization in Text-Guided Image Editing,https://openaccess.thecvf.com/content/CVPR2026/html/Kim_NEAF_Natural_Image_Editing_with_Attention_Fusion_for_Generalizable_Test-time_CVPR_2026_paper.html,"Diffusion-based text-to-image (T2I) models have enabled remarkable generative capabilities, yet precise text-based image editing that preserves the original’s structural and perceptual fidelity remains non-trivial. Existing approaches either rely on retraining with large bespoke datasets, incurring significant computational and curation costs, or adopt lightweight fine-tuning strategies that still"
Image Generation,Hybrid Agents for Image Restoration,https://openaccess.thecvf.com/content/CVPR2026/html/Li_Hybrid_Agents_for_Image_Restoration_CVPR_2026_paper.html,"Existing Image Restoration (IR) studies typically focus on task-specific or universal modes individually, relying on the mode selection of users and lacking cooperation between multiple task-specific/universal restoration modes. This leads to insufficient interaction for unprofessional users and limits their restoration capability for complicated real-world applications. In this work, we present H"
Image Generation,Self-supervised Dynamic Heterogeneous Degradation Modeling for Unified Zero-Shot Image Restoration,https://openaccess.thecvf.com/content/CVPR2026/html/Hu_Self-supervised_Dynamic_Heterogeneous_Degradation_Modeling_for_Unified_Zero-Shot_Image_Restoration_CVPR_2026_paper.html,"Zero-shot image restoration provides a flexible way to handle diverse degradations without task-specific training. However, existing methods typically rely on stacked layers or pre-trained features to enhance degradation expression, while overlooking physically consistent priors. The insufficient degradation prompts impose the heavy training burden and high sampling costs during zero-shot diffusio"
Image Generation,LLaDA-MedV: Exploring Large Language Diffusion Models for Biomedical Image Understanding,https://openaccess.thecvf.com/content/CVPR2026/html/Dong_LLaDA-MedV_Exploring_Large_Language_Diffusion_Models_for_Biomedical_Image_Understanding_CVPR_2026_paper.html,"Autoregressive models (ARMs) have long dominated the landscape of biomedical vision-language models (VLMs). Recently, masked diffusion models such as LLaDA have emerged as promising alternatives, yet their application in the biomedical domain remains largely underexplored. To bridge this gap, we introduce \textbf{LLaDA-MedV}, the first large language diffusion model tailored for biomedical image u"
Image Generation,FastHybrid: Accelerating Hybrid Autoregressive Image Generation with Lookahead and Guided Decoding,https://openaccess.thecvf.com/content/CVPR2026/html/Jiang_FastHybrid_Accelerating_Hybrid_Autoregressive_Image_Generation_with_Lookahead_and_Guided_CVPR_2026_paper.html,"Autoregressive (AR) models have achieved remarkable success in natural language processing, yet their application to image generation faces significant challenges. When implementing VQ-based decoders for autoregressive image generation, the generated images typically preserve semantic information but struggle with fine-grained details. Recent hybrid AR image generation approaches address these iss"
Image Generation,From Scale to Speed: Adaptive Test-Time Scaling for Image Editing,https://openaccess.thecvf.com/content/CVPR2026/html/Qu_From_Scale_to_Speed_Adaptive_Test-Time_Scaling_for_Image_Editing_CVPR_2026_paper.html,"Image Chain-of-Thought (Image-CoT) is a test-time scaling paradigm that improves image generation by extending inference time. Most Image-CoT methods focus on text-to-image (T2I) generation. Unlike T2I generation, image editing is goal-directed: the solution space is constrained by the source image and instruction. This mismatch causes three challenges when applying Image-CoT to editing: inefficie"
Image Generation,ReasonEdit: Towards Reasoning-Enhanced Image Editing Models,https://openaccess.thecvf.com/content/CVPR2026/html/Yin_ReasonEdit_Towards_Reasoning-Enhanced_Image_Editing_Models_CVPR_2026_paper.html,"Recent advances in image editing models have shown remarkable progress. A common architectural design couples a multimodal large language model (MLLM) encoder with a diffusion decoder, as seen in systems such as Step1X-Edit and Qwen-Image-Edit, where the MLLM encodes both the reference image and the instruction but remains frozen during training.In this work, we demonstrate that unlocking the reas"
Image Generation,DiT360: High-Fidelity Panoramic Image Generation via Hybrid Training,https://openaccess.thecvf.com/content/CVPR2026/html/Feng_DiT360_High-Fidelity_Panoramic_Image_Generation_via_Hybrid_Training_CVPR_2026_paper.html,"In this work, we propose DiT360, a DiT-based framework that performs hybrid training on perspective and panoramic data for panoramic image generation. We attribute the main challenges in preserving geometric fidelity and photorealism to the scarcity of large-scale, high-quality real-world panoramic data, in contrast to prior methods that emphasize model design. Basically, DiT360 has several key mo"
Image Generation,DVAR: Dynamic Visual Autoregressive Modeling for Image Super-Resolution,https://openaccess.thecvf.com/content/CVPR2026/html/Zheng_DVAR_Dynamic_Visual_Autoregressive_Modeling_for_Image_Super-Resolution_CVPR_2026_paper.html,"Next-scale prediction paradigm visual autoregressive (VAR) models have demonstrated significant potential for image super-resolution. However, their practical application is constrained by a rigid, size-specific design. This limitation stems from their reliance on memorizing fixed, absolute scaling schedules, which necessitates a distinct model for each target resolution. We introduce DVAR, a Dyna"
Image Generation,EMR-Diff: Edge-aware Multimodal Residual Diffusion Model for Hyperspectral Image Super-resolution,https://openaccess.thecvf.com/content/CVPR2026/html/Zhang_EMR-Diff_Edge-aware_Multimodal_Residual_Diffusion_Model_for_Hyperspectral_Image_Super-resolution_CVPR_2026_paper.html,"Hardware constraints make it challenging to simultaneously acquire hyperspectral images (HSIs) with both high spatial and high spectral resolutions. A promising solution is to fuse low-resolution HSI (LR-HSI) with high-resolution multispectral images (HR-MSI) to generate high-resolution HSI (HR-HSI). Recently, diffusion models have introduced possibilities for HSI super-resolution, but suffer from"
Image Generation,One-Step Diffusion Transformer for Controllable Real-World Image Super-Resolution,https://openaccess.thecvf.com/content/CVPR2026/html/Fang_One-Step_Diffusion_Transformer_for_Controllable_Real-World_Image_Super-Resolution_CVPR_2026_paper.html,"Recent advances in diffusion-based real-world image super-resolution (Real-ISR) have demonstrated remarkable perceptual quality, yet the balance between fidelity and controllability remains a problem: multi-step diffusion-based methods suffer from generative diversity and randomness, resulting in low fidelity, while one-step methods lose control flexibility due to fidelity-specific finetuning. In "
Image Generation,FRAMER: Frequency-Aligned Self-Distillation with Adaptive Modulation Leveraging Diffusion Priors for Real-World Image Super-Resolution,https://openaccess.thecvf.com/content/CVPR2026/html/Choi_FRAMER_Frequency-Aligned_Self-Distillation_with_Adaptive_Modulation_Leveraging_Diffusion_Priors_for_CVPR_2026_paper.html,"Real-image super-resolution (Real-ISR) seeks to recover HR images from LR inputs with mixed, unknown degradations. While diffusion models surpass GANs in perceptual quality, they under-reconstruct high-frequency (HF) details due to a low-frequency (LF) bias and a depth-wise “low-first, high-later” hierarchy. We introduce FRAMER, a plug-and-play training scheme that exploits diffusion priors withou"
Image Generation,HDW-SR: High-Frequency Guided Diffusion Model based on Wavelet Decomposition for Image Super-Resolution,https://openaccess.thecvf.com/content/CVPR2026/html/Yang_HDW-SR_High-Frequency_Guided_Diffusion_Model_based_on_Wavelet_Decomposition_for_CVPR_2026_paper.html,"Diffusion-based methods have shown great promise in single image super-resolution (SISR); however, existing approaches often produce blurred fine details due to insufficient guidance in the high-frequency domain. To address this issue, we propose a High-Frequency Guided Diffusion Network based on Wavelet Decomposition (HDW-SR), which replaces the conventional U-Net backbone in diffusion frameworks"
Image Generation,Interact2Ar: Full-Body Human-Human Interaction Generation via Autoregressive Diffusion Models,https://openaccess.thecvf.com/content/CVPR2026/html/Ruiz-Ponce_Interact2Ar_Full-Body_Human-Human_Interaction_Generation_via_Autoregressive_Diffusion_Models_CVPR_2026_paper.html,"Generating realistic human-human interactions is a challenging task that requires not only high-quality individual body and hand motions, but also coherent coordination among all interactants. Due to limitations in available data and increased learning complexity, previous methods tend to ignore hand motions, limiting the realism and expressivity of the interactions. Additionally, current diffusio"
Image Generation,WAM-Flow: Parallel Coarse-to-Fine Motion Planning via Discrete Flow Matching for Autonomous Driving,https://openaccess.thecvf.com/content/CVPR2026/html/Xu_WAM-Flow_Parallel_Coarse-to-Fine_Motion_Planning_via_Discrete_Flow_Matching_for_CVPR_2026_paper.html,"We introduce DFM-Drive, a vision–language–action (VLA) model that casts ego-trajectory planning as discrete flow matching over a structured token space. In contrast to autoregressive decoders, DFM-Drive performs fully parallel, bidirectional denoising, enabling coarse-to-fine refinement with a tunable compute–accuracy trade-off. Specifically, the approach combines a metric-aligned numerical tokeni"
Image Generation,NAMI: Efficient Image Generation via Bridged Progressive Rectified Flow Transformers,https://openaccess.thecvf.com/content/CVPR2026/html/Ma_NAMI_Efficient_Image_Generation_via_Bridged_Progressive_Rectified_Flow_Transformers_CVPR_2026_paper.html,"Flow-based Transformer models have achieved state-of-the-art image generation performance, but often suffer from high inference latency and computational cost due to their large parameter sizes. To improve inference efficiency without compromising quality, we propose Bridged Progressive Rectified Flow Transformers (NAMI), which decompose the generation process across temporal, spatial, and archite"
Image Generation,FlowDC: Flow-Based Decoupling-Decay for Complex Image Editing,https://openaccess.thecvf.com/content/CVPR2026/html/Jiang_FlowDC_Flow-Based_Decoupling-Decay_for_Complex_Image_Editing_CVPR_2026_paper.html,"With the surge of pre-trained text-to-image flow matching models, text-based image editing performance has gained remarkable improvement, especially for **simple editing** that only contains a single editing target. However, to satisfy the exploding editing requirements, the **complex editing** that contains multiple editing targets is posed as a more challenging task. However, current complex edi"
Image Generation,Head-wise Adaptive Rotary Positional Encoding for Fine-Grained Image Generation,https://openaccess.thecvf.com/content/CVPR2026/html/Li_Head-wise_Adaptive_Rotary_Positional_Encoding_for_Fine-Grained_Image_Generation_CVPR_2026_paper.html,"Transformers rely on explicit positional encoding to model structure in data. WhileRotary Position Embedding (RoPE) excels in 1D domains, its application to im_x0002_age generation reveals significant limitations such as fine-grained spatial relationmodeling, color cues, and object counting. This paper identifies key limitationsof standard multi-dimensional RoPE—rigid frequency allocation, axis-wi"
Image Generation,Uni-DAD: Unified Distillation and Adaptation of Diffusion Models for Few-step Few-shot Image Generation,https://openaccess.thecvf.com/content/CVPR2026/html/Bahram_Uni-DAD_Unified_Distillation_and_Adaptation_of_Diffusion_Models_for_Few-step_CVPR_2026_paper.html,"Diffusion models (DMs) produce high-quality images, yet their sampling remains costly when adapted to new domains. Distilled DMs are faster but typically remain confined within their teacher’s domain. Thus, fast and high-quality generation for novel domains relies on two-stage training pipelines: Adapt-then-Distill or Distill-then-Adapt. However, both add design complexity and suffer from degraded"
Image Generation,Iris: Bringing Real-World Priors into Diffusion Model for Monocular Depth Estimation,https://openaccess.thecvf.com/content/CVPR2026/html/Cai_Iris_Bringing_Real-World_Priors_into_Diffusion_Model_for_Monocular_Depth_CVPR_2026_paper.html,"In this paper, we propose \textbf{Iris}, a deterministic framework for Monocular Depth Estimation (MDE) that integrates real-world priors into the diffusion model.  Conventional feed-forward methods rely on massive training data, yet still miss details. Previous diffusion-based methods leverage rich generative priors yet struggle with synthetic-to-real domain transfer. Iris, in contrast, preserves"
Image Generation,Realiz3D: 3D Generation Made Photorealistic via Domain-Aware Learning,https://openaccess.thecvf.com/content/CVPR2026/html/Sobol_Realiz3D_3D_Generation_Made_Photorealistic_via_Domain-Aware_Learning_CVPR_2026_paper.html,"We often aim to generate images that are both photorealistic and 3D-consistent, adhering to precise geometry, material, and viewpoint controls.Typically, this is achieved by fine-tuning an image generator, pre-trained on billions of real images, using renders of synthetic 3D assets, where annotations for control signals are available.While this approach can learn the desired controls, it often com"
Image Generation,Enhancing Spatial Understanding in Image Generation via Reward Modeling,https://openaccess.thecvf.com/content/CVPR2026/html/Tang_Enhancing_Spatial_Understanding_in_Image_Generation_via_Reward_Modeling_CVPR_2026_paper.html,"Recent progress in text-to-image generation has greatly advanced visual fidelity and creativity, but it has also imposed higher demands on prompt complexity—particularly in encoding intricate spatial relationships. In such cases, achieving satisfactory results often requires multiple sampling attempts.To address this challenge, we introduce a novel method that strengthens the spatial understanding"
Image Generation,ChangeBridge: Spatiotemporal Image Generation with Multimodal Controls for Remote Senisng,https://openaccess.thecvf.com/content/CVPR2026/html/Zhao_ChangeBridge_Spatiotemporal_Image_Generation_with_Multimodal_Controls_for_Remote_Senisng_CVPR_2026_paper.html,"Spatiotemporal image generation is a highly meaningful task, which can generate future scenes conditioned on given observations. However, existing change generation methods can only handle event-driven changes (e.g., new buildings) and fail to model cross-temporal variations (e.g., seasonal shifts). In this work, we propose ChangeBridge, a conditional spatiotemporal image generation model for remo"
Image Generation,LacTokGen: Latent Consistency Tokenizer for 1024-pixel Image Generation by 256 Tokens,https://openaccess.thecvf.com/content/CVPR2026/html/Xie_LacTokGen_Latent_Consistency_Tokenizer_for_1024-pixel_Image_Generation_by_256_CVPR_2026_paper.html,"Image tokenization has significantly advanced visual generation and multimodal modeling, particularly when paired with autoregressive models. However, current methods face challenges in balancing efficiency and quality: high-resolution image generation either requires an excessive number of tokens or compromises critical details through token reduction. To resolve this, we propose Latent Consisten"
Image Generation,GraspLDP: Towards Generalizable Grasping Policy via Latent Diffusion,https://openaccess.thecvf.com/content/CVPR2026/html/Xiang_GraspLDP_Towards_Generalizable_Grasping_Policy_via_Latent_Diffusion_CVPR_2026_paper.html,"This paper focuses on enhancing the grasping precision and generalization of manipulation policies learned via imitation learning. Diffusion-based policy learning methods have recently become the mainstream approach for robotic manipulation tasks. As grasping is a critical subtask in manipulation, the ability of imitation-learned policies to execute precise and generalizable grasps merits particul"
Image Generation,Optical Flow Matching: Reframing Optical Flow as Continuous Transport Dynamics,https://openaccess.thecvf.com/content/CVPR2026/html/Luo_Optical_Flow_Matching_Reframing_Optical_Flow_as_Continuous_Transport_Dynamics_CVPR_2026_paper.html,"Modern optical flow estimation, though empowered by deep neural architectures, remains rooted in the discrete correspondence paradigm inherited from classical vision. Most networks infer frame-to-frame displacements or correlation volumes, capturing where pixels move but not how motion evolves continuously through time. Yet physical motion in the real world follows smooth dynamics governed by unde"
Image Generation,DynFusion: Rethinking Condition Fusion for Adaptive Multi-Conditional Text-to-Image Generation,https://openaccess.thecvf.com/content/CVPR2026/html/Fang_DynFusion_Rethinking_Condition_Fusion_for_Adaptive_Multi-Conditional_Text-to-Image_Generation_CVPR_2026_paper.html,"Text-to-image diffusion models have achieved remarkable progress, generating visually realistic and semantically coherent images from textual prompts. However, natural language alone lacks the precision required for design-centric applications that demand strict spatial and structural fidelity—particularly when representing complex concepts that integrate multi-level information, such as product o"
Image Generation,Agentic Retoucher for Text-To-Image Generation,https://openaccess.thecvf.com/content/CVPR2026/html/Shen_Agentic_Retoucher_for_Text-To-Image_Generation_CVPR_2026_paper.html,"Text-to-image (T2I) diffusion models such as SDXL and FLUX have achieved impressive photorealism, yet small-scale distortions remain pervasive in limbs, face, text and so on. Existing refinement approaches either perform costly iterative re-generation or rely on vision–language models (VLMs) with weak spatial grounding, leading to semantic drift and unreliable local edits. To close this gap, we pr"
Image Generation,Premier: Personalized Preference Modulation with Learnable User Embedding in Text-to-Image Generation,https://openaccess.thecvf.com/content/CVPR2026/html/Wang_Premier_Personalized_Preference_Modulation_with_Learnable_User_Embedding_in_Text-to-Image_CVPR_2026_paper.html,"Text-to-image generation has advanced rapidly, yet it still struggles to capture the nuanced user preferences. Existing approaches typically rely on multimodal large language models to infer user preferences, but the derived prompts or latent codes rarely reflect them faithfully, leading to suboptimal personalization.We present Premier, a novel preference modulation framework for personalized imag"
Image Generation,Aligning Multi-Character Narrative Image Generation with Multi-Aspect Human Preferences,https://openaccess.thecvf.com/content/CVPR2026/html/Gao_Aligning_Multi-Character_Narrative_Image_Generation_with_Multi-Aspect_Human_Preferences_CVPR_2026_paper.html,"Narrative image generation aims to create images featuring multiple distinct characters while capturing their interrelationships, posing significant challenges for current text-to-image diffusion models. As a result, general personalized methods often suffer from poor semantic alignment, identity blending, and aesthetic implausibility.These issues are inadequately captured by existing evaluation m"
Image Generation,DCoAR: Deep Concept Injection into Unified Autoregressive Models for Personalized Text-to-Image Generation,https://openaccess.thecvf.com/content/CVPR2026/html/Wu_DCoAR_Deep_Concept_Injection_into_Unified_Autoregressive_Models_for_Personalized_CVPR_2026_paper.html,"The unified autoregressive (AR) model excels at multimodal understanding and generation. However, its full potential in the domain of customized image generation has yet to be fully realized.Existing customization approaches for unified AR models face a fundamental dilemma: adaptation-based methods suffer from overfitting and scalability bottlenecks, while concept-injection paradigms are constrain"
Image Generation,AutoDebias: An Automated Framework for Detecting and Mitigating Backdoor Biases in Text-to-Image Models,https://openaccess.thecvf.com/content/CVPR2026/html/Cai_AutoDebias_An_Automated_Framework_for_Detecting_and_Mitigating_Backdoor_Biases_CVPR_2026_paper.html,"Text-to-Image (T2I) models generate high-quality images but are vulnerable to malicious backdoor attacks that inject harmful biases (e.g., trigger-activated gender or racial stereotypes). Existing debiasing methods, often designed for natural statistical biases, struggle with these deliberate and subtle injected attacks. We propose AutoDebias, a framework that automatically identifies and mitigate"
Image Generation,PromptLoop: Plug-and-Play Prompt Refinement via Latent Feedback for Diffusion Model Alignment,https://openaccess.thecvf.com/content/CVPR2026/html/Lee_PromptLoop_Plug-and-Play_Prompt_Refinement_via_Latent_Feedback_for_Diffusion_Model_CVPR_2026_paper.html,"Despite the recent progress, reinforcement learning (RL)-based fine-tuning of diffusion models often struggles with generalization, composability, and robustness against reward hacking. Recent studies have explored prompt refinement as a modular alternative, but most adopt a feed-forward approach that applies a single refined prompt throughout the entire sampling trajectory, thereby failing to ful"
Image Generation,UniGen-1.5: Enhancing Image Generation and Editing through Reward Unification in RL,https://openaccess.thecvf.com/content/CVPR2026/html/Tian_UniGen-1.5_Enhancing_Image_Generation_and_Editing_through_Reward_Unification_in_CVPR_2026_paper.html,"We present UniGen-1.5, a unified multimodal large language model (MLLM) for advanced image understanding, generation and editing. Building upon UniGen, we comprehensively enhance the model architecture and training pipeline to strengthen the image understanding and generation capabilities while unlocking strong image editing ability. Especially, we propose a unified Reinforcement Learning (RL) str"
Image Generation,FlowSteer: Guiding Few-Step Image Synthesis with Authentic Trajectories,https://openaccess.thecvf.com/content/CVPR2026/html/Ke_FlowSteer_Guiding_Few-Step_Image_Synthesis_with_Authentic_Trajectories_CVPR_2026_paper.html,"With the success of flow matching in visual generation, sampling efficiency remains a critical bottleneck for its practical application. Among flow models' accelerating methods, ReFlow has been somehow overlooked although it has theoretical consistency with flow matching. This is primarily due to its suboptimal performance in practical scenarios compared to consistency distillation and score disti"
Image Generation,SCIEval: Evaluating and Benchmarking the Faithfulness of Scientific Image Generation and Interpretation with Large Multimodal Models,https://openaccess.thecvf.com/content/CVPR2026/html/Ye_SCIEval_Evaluating_and_Benchmarking_the_Faithfulness_of_Scientific_Image_Generation_CVPR_2026_paper.html,"Scientific images often require accurate numerical representations and correct object attributes, making them differ significantly from real-life images. However, existing faithfulness metrics for image generation or interpretation with large multimodal models (LMMs) focus mostly on real-life images, which makes them ill-suited for scientific image evaluations. For this, we propose **SCIEval**, a "
Image Generation,Multinex: Lightweight Low-light Image Enhancement via Multi-prior Retinex,https://openaccess.thecvf.com/content/CVPR2026/html/Brateanu_Multinex_Lightweight_Low-light_Image_Enhancement_via_Multi-prior_Retinex_CVPR_2026_paper.html,"Low-light image enhancement (LLIE) aims to restore natural visibility, color fidelity, and structural detail under severe illumination degradation. State-of-the-art (SOTA)  LLIE techniques often depend on large model size  and multi-stage training, limiting  practicality for edge deployment. Moreover, they often rely on a single color space, which introduces instability and visible exposure or col"
Image Generation,Beyond Ground-Truth: Leveraging Image Quality Priors for Real-World Image Restoration,https://openaccess.thecvf.com/content/CVPR2026/html/Xiao_Beyond_Ground-Truth_Leveraging_Image_Quality_Priors_for_Real-World_Image_Restoration_CVPR_2026_paper.html,"Real-world image restoration aims to restore high-quality (HQ) images from degraded low-quality (LQ) inputs captured under uncontrolled conditions. Existing methods typically depend on ground-truth (GT) supervision, assuming that GT provides perfect reference quality. However, GT can still contain images with inconsistent perceptual fidelity, causing models to converge to the average quality level"
Image Generation,UCMNet: Uncertainty-Aware Context Memory Network for Under-Display Camera Image Restoration,https://openaccess.thecvf.com/content/CVPR2026/html/Kim_UCMNet_Uncertainty-Aware_Context_Memory_Network_for_Under-Display_Camera_Image_Restoration_CVPR_2026_paper.html,"Under-display cameras (UDCs) allow for full-screen designs by positioning the imaging sensor underneath the display. Nonetheless, light diffraction and scattering through the various display layers result in spatially varying and complex degradations, which significantly reduce high-frequency details. Current PSF-based physical modeling techniques and frequency-separation networks are effective at"
Image Generation,ShiftLUT: Spatial Shift Enhanced Look-Up Tables for Efficient Image Restoration,https://openaccess.thecvf.com/content/CVPR2026/html/Zeng_ShiftLUT_Spatial_Shift_Enhanced_Look-Up_Tables_for_Efficient_Image_Restoration_CVPR_2026_paper.html,"Look-Up Table based methods have emerged as a promising direction for efficient image restoration tasks. Recent LUT-based methods focus on improving their performance by expanding the receptive field. However, they inevitably introduce extra computational and storage overhead, which hinders their deployment in edge devices.To address this issue, we propose ShiftLUT, a novel framework that attains "
Image Generation,TINA: Text-Free Inversion Attack for Unlearned Text-to-Image Diffusion Models,https://openaccess.thecvf.com/content/CVPR2026/html/Xiang_TINA_Text-Free_Inversion_Attack_for_Unlearned_Text-to-Image_Diffusion_Models_CVPR_2026_paper.html,"Although text-to-image diffusion models exhibit remarkable generative power, concept erasure techniques are essential for their safe deployment to prevent the creation of harmful content.This has fostered a dynamic interplay between the development of erasure defenses and the adversarial probes designed to bypass them, and this co-evolution has progressively enhanced the efficacy of erasure method"
Image Generation,BlackMirror: Black-Box Backdoor Detection for Text-to-Image Models via Instruction-Response Deviation,https://openaccess.thecvf.com/content/CVPR2026/html/Li_BlackMirror_Black-Box_Backdoor_Detection_for_Text-to-Image_Models_via_Instruction-Response_Deviation_CVPR_2026_paper.html,"This paper investigates the challenging task of detecting backdoored text-to-image generative models under black-box settings and introduces a novel detection framework **BlackMirror**. Existing approaches typically rely on analyzing image-level similarity, under the assumption that backdoor-triggered generations exhibit more significant cross-sample consistency than those from clean ones. Despite"
Image Generation,Adapter Shield: A Unified Framework with Built-in Authentication for Preventing Unauthorized Zero-Shot Image-to-Image Generation,https://openaccess.thecvf.com/content/CVPR2026/html/Jia_Adapter_Shield_A_Unified_Framework_with_Built-in_Authentication_for_Preventing_CVPR_2026_paper.html,"With the rapid progress in diffusion models, image synthesis has advanced to the stage of zero-shot image-to-image generation, where high-fidelity replication of facial identities or artistic styles can be achieved using just one portrait or artwork, without modifying any model weights. Although these techniques significantly enhance creative possibilities, they also pose substantial risks related"
Image Generation,Bridging the Perception Gap in Image Super-Resolution Evaluation,https://openaccess.thecvf.com/content/CVPR2026/html/Su_Bridging_the_Perception_Gap_in_Image_Super-Resolution_Evaluation_CVPR_2026_paper.html,"As super-resolution (SR) techniques advance, we observe a growing distrust of evaluation metrics in recent SR research. An inconsistency often emerges between certain evaluation criteria and human perceptual preference. Although current SR research employs varying metrics to evaluate SR performance, it remains underexplored how robust and reliable these metrics actually are. To bridge this gap, we"
Image Generation,"Restore Text First, Enhance Image Later: Two-Stage Scene Text Image Super-Resolution with Glyph Structure Guidance",https://openaccess.thecvf.com/content/CVPR2026/html/Luo_Restore_Text_First_Enhance_Image_Later_Two-Stage_Scene_Text_Image_CVPR_2026_paper.html,"Current image super-resolution methods show strong performance on natural images but distort text, creating a fundamental trade-off between image quality and textual readability. To address this, we introduce **TIGER** (**T**ext–**I**mage **G**uided sup**E**r-**R**esolution), a novel two-stage framework that breaks this trade-off through a *""text-first, image-later""* paradigm. TIGER explicitly dec"
Image Generation,Beyond Fixed Formulas: Data-Driven Linear Predictor for Efficient Diffusion Models,https://openaccess.thecvf.com/content/CVPR2026/html/Shen_Beyond_Fixed_Formulas_Data-Driven_Linear_Predictor_for_Efficient_Diffusion_Models_CVPR_2026_paper.html,"Diffusion Transformers (DiTs) have achieved state-of-the-art image and video generation performance, but sampling remains expensive due to repeated transformer forward passes over many timesteps. Feature caching offers a training-free way to accelerate inference by reusing or forecasting hidden representations, yet recent forecasting-based methods derive their coefficients from hand-crafted formul"
Image Generation,Diff-SemiER: Transparency-Aware Adaptive Fusion Diffusion Model with Generative Prior for Semi-Transparent Eyeglasses Removal,https://openaccess.thecvf.com/content/CVPR2026/html/Li_Diff-SemiER_Transparency-Aware_Adaptive_Fusion_Diffusion_Model_with_Generative_Prior_for_CVPR_2026_paper.html,"Existing eyeglasses removal methods primarily focus on opaque or fully transparent lenses. However, when dealing with semi-transparent sunglasses, these methods often corrupt the visible facial details beneath the lenses, thereby degrading the performance of downstream vision tasks. To address this issue, we propose Diff-SemiER, a novel diffusion-based framework for semi-transparent eyeglasses rem"
Image Generation,Elucidating the Design Space of Arbitrary-Noise-Based Diffusion Models,https://openaccess.thecvf.com/content/CVPR2026/html/Qiu_Elucidating_the_Design_Space_of_Arbitrary-Noise-Based_Diffusion_Models_CVPR_2026_paper.html,"Although EDM aims to unify the design space of diffusion models, its reliance on fixed Gaussian noise prevents it from explaining emerging flow-based methods that diffuse arbitrary noise. Moreover, our study reveals that EDM's forcible injection of Gaussian noise has adverse effects on image restoration task, as it corrupts the degraded images, overextends the restoration distance, and increases t"
Image Generation,Taming Generative Diffusion Model for Task-Oriented Infrared Imaging,https://openaccess.thecvf.com/content/CVPR2026/html/Ma_Taming_Generative_Diffusion_Model_for_Task-Oriented_Infrared_Imaging_CVPR_2026_paper.html,"Infrared (IR) imaging is indispensable for perception in adverse environments, yet real-world data is often corrupted by dynamically coupled degradations that impair both visual quality and downstream semantic understanding. Although diffusion models offer powerful generative priors, existing approaches remain ill-suited to this setting. Their slow multi-step sampling, reliance on RGB-driven stati"
Image Generation,Guiding Diffusion Models with Fine-Grained Conditions and Semantics-Preserving Sampling for One-Shot Federated Learning,https://openaccess.thecvf.com/content/CVPR2026/html/Deng_Guiding_Diffusion_Models_with_Fine-Grained_Conditions_and_Semantics-Preserving_Sampling_for_CVPR_2026_paper.html,"One-shot Federated Learning (OSFL) has emerged as a promising paradigm to mitigate the high communication overhead of traditional federated learning. However, its effectiveness is often hampered by data heterogeneity across client data. While recent methods leverage pre-trained diffusion models to generate data for OSFL, they often struggle with some practical limitations, including a lack of sema"
Image Generation,Personalized Federated Training of Diffusion Models with Privacy Guarantees,https://openaccess.thecvf.com/content/CVPR2026/html/Patel_Personalized_Federated_Training_of_Diffusion_Models_with_Privacy_Guarantees_CVPR_2026_paper.html,"We propose a federated framework for training diffusion models on decentralized and private datasets. The method learns a shared generative model together with personalized client models, which allows clients to benefit from cross-client structure while ensuring that the shared model cannot reproduce any client’s data on its own. We provide formal differential privacy guarantees for each client an"
Image Generation,Heterogeneous Decentralized Diffusion Models,https://openaccess.thecvf.com/content/CVPR2026/html/Jiang_Heterogeneous_Decentralized_Diffusion_Models_CVPR_2026_paper.html,"Training state-of-the-art diffusion models requires massive computational resources concentrated in tightly-coupled clusters, fundamentally limiting participation to well-resourced institutions. While Decentralized Diffusion Models (DDM) enable training multiple experts in isolation, existing approaches require 1176 GPU-days and homogeneous training objectives across all experts. We present an eff"
Image Generation,CADC: Content Adaptive Diffusion-Based Generative Image Compression,https://openaccess.thecvf.com/content/CVPR2026/html/Sheng_CADC_Content_Adaptive_Diffusion-Based_Generative_Image_Compression_CVPR_2026_paper.html,"Diffusion-based generative image compression has demonstrated remarkable potential for achieving realistic reconstruction at ultra-low bitrates. The key to unlocking this potential lies in making the entire compression process content-adaptive, ensuring that the encoder's representation and the decoder's generative prior are dynamically aligned with the semantic and structural characteristics of t"
Image Generation,Photo3D: Advancing Photorealistic 3D Generation through Structure‑Aligned Detail Enhancement,https://cvpr.thecvf.com/virtual/2026/poster/36318,"Although recent 3D‑native generators have made great progress in synthesizing reliable geometry, they still fall short in achieving realistic appearances. A key obstacle lies in the lack of diverse and high-quality real-world 3D assets with rich surface details, since capturing such data is intrinsically difficult due to the diverse scales of scenes, non‑rigid motions of objects, and the limited p"
Image Generation,Leveraging Verifier-Based Reinforcement Learning in Image Editing,https://openaccess.thecvf.com/content/CVPR2026/html/Guo_Leveraging_Verifier-Based_Reinforcement_Learning_in_Image_Editing_CVPR_2026_paper.html,"While Reinforcement Learning from Human Feedback (RLHF) has become a pivotal paradigm for text-to-image generation, its application to image editing remains largely unexplored. A key bottleneck is the lack of a robust general reward model for all editing tasks. Existing edit reward models usually give overall scores without detailed checks, ignoring different instruction requirements and causing b"
Image Generation,PaCo-RL: Advancing Reinforcement Learning for Consistent Image Generation with Pairwise Reward Modeling,https://openaccess.thecvf.com/content/CVPR2026/html/Ping_PaCo-RL_Advancing_Reinforcement_Learning_for_Consistent_Image_Generation_with_Pairwise_CVPR_2026_paper.html,"Consistent image generation requires faithfully preserving identities, styles, and logical coherence across multiple images,which is essential for applications such as storytelling and character design.Supervised training approaches struggle with this task due to the lack of large-scale datasets capturing visual consistency and the complexity of modeling human perceptual preferences.In this paper,"
Image Generation,Red-teaming Retrieval-Augmented Diffusion Models via Poisoning Knowledge Bases,https://openaccess.thecvf.com/content/CVPR2026/html/Lyu_Red-teaming_Retrieval-Augmented_Diffusion_Models_via_Poisoning_Knowledge_Bases_CVPR_2026_paper.html,"Retrieval-augmented diffusion models (RAG-DMs) have been increasingly deployed across applications, alleviating the data and compute demands of conventional diffusion models. Despite the success, their trustworthiness remains underexplored. Existing backdoor attacks focus on either manipulating the generation phase or the retrieval phase under the white-box setting, which suffer from knowledge con"
Image Generation,Detecting Compressed AI-Generated Images via Phase Spectrum Robustness,https://openaccess.thecvf.com/content/CVPR2026/html/Li_Detecting_Compressed_AI-Generated_Images_via_Phase_Spectrum_Robustness_CVPR_2026_paper.html,"This paper aims to present a robust AI-generated image detection framework designed to address performance degradation caused by image compression in online social networks. The key challenges are twofold: 1) compression destroys fragile artifacts that are crucial to existing methods, and 2) it introduces new compression artifacts that interfere with detection. Existing methods typically enhance t"
Image Generation,Group Diffusion: Enhancing Image Generation by Unlocking Cross-Sample Collaboration,https://openaccess.thecvf.com/content/CVPR2026/html/Mo_Group_Diffusion_Enhancing_Image_Generation_by_Unlocking_Cross-Sample_Collaboration_CVPR_2026_paper.html,"In this work, we explore an untapped signal in diffusion model inference. While all previous methods generate images independently at inference, we instead ask if samples can be generated collaboratively. We propose Group Diffusion, unlocking the attention mechanism to be shared across images, rather than limited to just the patches within an image. This enables images to be jointly denoised at in"
Image Generation,RegionRoute: Regional Style Transfer with Diffusion Model,https://openaccess.thecvf.com/content/CVPR2026/html/Chen_RegionRoute_Regional_Style_Transfer_with_Diffusion_Model_CVPR_2026_paper.html,"Precise spatial control in diffusion-based style transfer remains challenging. This challenge arises because diffusion models treat style as a global feature and lack explicit spatial grounding of style representations, making it difficult to restrict style application to specific objects or regions. To our knowledge, existing diffusion models are unable to perform true localized style transfer, t"
Image Generation,Low-Rank Residual Diffusion Models,https://openaccess.thecvf.com/content/CVPR2026/html/Tan_Low-Rank_Residual_Diffusion_Models_CVPR_2026_paper.html,"Diffusion models have achieved remarkable progress in image generation and restoration. However, most frameworks assume a full-rank residual space, neglecting its inherent low-dimensional structure in near-domain transformations such as deraining and deblurring. We propose the Low-Rank Residual Diffusion Model (LRDM), which performs diffusion within a compact low-rank residual subspace for efficie"
Image Generation,Guiding Token-Sparse Diffusion Models,https://openaccess.thecvf.com/content/CVPR2026/html/Krause_Guiding_Token-Sparse_Diffusion_Models_CVPR_2026_paper.html,"Diffusion models deliver high quality in image synthesis but remain expensive during training and inference. Recent works have leveraged the inherent redundancy in visual content to make training more affordable by training only on a subset of visual information. While these methods were successful in providing cheaper and more effective training, sparsely trained diffusion models struggle in infe"
Image Generation,See and Fix the Flaws: Enabling VLMs and Diffusion Models to Comprehend Visual Artifacts via Agentic Data Synthesis,https://openaccess.thecvf.com/content/CVPR2026/html/Park_See_and_Fix_the_Flaws_Enabling_VLMs_and_Diffusion_Models_CVPR_2026_paper.html,"Despite recent advances in diffusion models, AI generated images still often contain visual artifacts that compromise realism. Although more thorough pre-training and bigger models might reduce artifacts, there is no assurance that they can be completely eliminated, which makes artifact mitigation a highly crucial area of study. Previous artifact-aware methodologies depend on human-labeled artifac"
Image Generation,CRAFT: Aligning Diffusion Models with Fine-Tuning Is Easier Than You Think,https://openaccess.thecvf.com/content/CVPR2026/html/Sun_CRAFT_Aligning_Diffusion_Models_with_Fine-Tuning_Is_Easier_Than_You_CVPR_2026_paper.html,"Aligning Diffusion models has achieved remarkable breakthroughs in generating high-quality, human preference-aligned images. Existing techniques, such as supervised fine-tuning (SFT) and DPO-style preference optimization, have become principled tools for fine-tuning diffusion models. However, SFT relies on high-quality images that are costly to obtain, while DPO-style methods depend on large-scale"
Image Generation,SpeeDiff: Scalable Pixel-Anchored End-to-End Latent Diffusion Model,https://openaccess.thecvf.com/content/CVPR2026/html/Zhang_SpeeDiff_Scalable_Pixel-Anchored_End-to-End_Latent_Diffusion_Model_CVPR_2026_paper.html,"We present Scalable Pixel-anchored End-to-end Diffusion (SpeeDiff), a latent diffusion method that jointly trains the VAE and the diffusion model from scratch. In principle, joint training allows the diffusion loss gradient to directly guide the VAE encoder, encouraging the formation of a generation-friendly latent space and potentially yielding faster convergence than the conventional two-stage a"
Image Generation,Focal–General Diffusion Model with Semantic Consistent Guidance for Sign Language Production,https://cvpr.thecvf.com/virtual/2026/poster/39783,"Sign Language Production (SLP) aims to translate spoken language into sign sequences, where the main challenge lies in generating coherent and natural poses from discrete glosses (G2P). Existing G2P methods typically treat each pose as an indivisible unit, limiting their ability to capture fine-grained joint-level dependencies and thus degrading pose quality. To address this, we propose the Focal–"
Image Generation,"PixelRush: Ultra-Fast, Training-Free High-Resolution Image Generation via One-step Diffusion",https://openaccess.thecvf.com/content/CVPR2026/html/Lai_PixelRush_Ultra-Fast_Training-Free_High-Resolution_Image_Generation_via_One-step_Diffusion_CVPR_2026_paper.html,"Pre-trained diffusion models excel at generating high-quality images but remain inherently limited by their native training resolution. Recent training-free approaches have attempted to overcome this constraint by introducing interventions during the denoising process; however, these methods incur substantial computational overhead, often requiring more than five minutes to produce a single 4K ima"
Image Generation,Decoupled Residual Denoising Diffusion Models for Unified and Data Efficient Image-to-Image Translation,https://openaccess.thecvf.com/content/CVPR2026/html/Lin_Decoupled_Residual_Denoising_Diffusion_Models_for_Unified_and_Data_Efficient_CVPR_2026_paper.html,"We propose Decoupled Residual Denoising Diffusion models (DRDD) for unified and data-efficient image-to-image (I2I) translation. While diffusion models have advanced I2I translation in terms of quality and diversity, we uncover a previously under-explored property in diffusion models. Crucially, beyond its conventional role of manifold lifting (i.e., moving data off low-dimensional manifolds), inj"
Image Generation,Cross-modal Representation Learning for Diffusion-generated Image Detection,https://openaccess.thecvf.com/content/CVPR2026/html/Gong_Cross-modal_Representation_Learning_for_Diffusion-generated_Image_Detection_CVPR_2026_paper.html,"The astonishing proficiency and unprecedented level of realism of diffusion models in creating and manipulating images have undoubtedly drawn concerns.Many methods have been proposed to detect generated images. Typically, they usually take RGB images as input, and use backbones like ResNet, CLIP visual encoder to extract features. Even though these backbones are capable to detect fake images, they"
Image Generation,DiP: Taming Diffusion Models in Pixel Space,https://openaccess.thecvf.com/content/CVPR2026/html/Chen_DiP_Taming_Diffusion_Models_in_Pixel_Space_CVPR_2026_paper.html,"Diffusion models face a fundamental trade-off between generation quality and computational efficiency. Latent Diffusion Models (LDMs) offer an efficient solution but suffer from potential information loss and non-end-to-end training.  In contrast, existing pixel space models bypass VAEs but are computationally prohibitive for high-resolution synthesis. To resolve this dilemma, we propose DiP, an e"
Image Generation,Compositional Text-to-Image Generation Via Region-aware Bimodal Direct Preference Optimization,https://openaccess.thecvf.com/content/CVPR2026/html/Liu_Compositional_Text-to-Image_Generation_Via_Region-aware_Bimodal_Direct_Preference_Optimization_CVPR_2026_paper.html,"Despite the rapid progress of text-to-image (T2I) models, generating images that accurately reflect complex compositional prompts (covering attribute bindings, object relationships, counting) still remains challenging. To address this, we propose BIDPO, a framework to enhance T2I model's capability of compositional text-to-image generation. We begin by introducing an carefully designed pipeline to"
Image Generation,Extending One-Step Image Generation from Class Labels to Text via Discriminative Text Representation,https://openaccess.thecvf.com/content/CVPR2026/html/Zhao_Extending_One-Step_Image_Generation_from_Class_Labels_to_Text_via_CVPR_2026_paper.html,"Few-step generation has been a long-standing goal, with recent one-step generation methods exemplified by MeanFlow achieving remarkable results.Existing research on MeanFlow primarily focuses on class-to-image generation. However, an intuitive yet unexplored direction is to extend the condition from fixed class labels to flexible text inputs, enabling richer content creation.Compared to the limite"
Image Generation,DiffGraph: An Automated Agent-driven Model Merging Framework for In-the-Wild Text-to-Image Generation,https://openaccess.thecvf.com/content/CVPR2026/html/Li_DiffGraph_An_Automated_Agent-driven_Model_Merging_Framework_for_In-the-Wild_Text-to-Image_CVPR_2026_paper.html,"The rapid growth of the text-to-image (T2I) community has fostered a thriving online ecosystem of expert models, which are variants of pretrained diffusion models specialized for diverse generative capabilities. Yet, existing model merging methods remain limited in fully leveraging abundant online expert resources and still struggle to meet diverse in-the-wild user needs. We present DiffGraph, a n"
Image Generation,HiCoGen: Hierarchical Compositional Text-to-Image Generation in Diffusion Models via Reinforcement Learning,https://openaccess.thecvf.com/content/CVPR2026/html/Yang_HiCoGen_Hierarchical_Compositional_Text-to-Image_Generation_in_Diffusion_Models_via_Reinforcement_CVPR_2026_paper.html,"Recent advances in diffusion models have demonstrated impressive capability in generating high-quality images for simple prompts. However, when confronted with complex prompts involving multiple objects and hierarchical structures, existing models struggle to accurately follow instructions, leading to issues such as concept omission, confusion, and poor compositionality. To address these limitatio"
Image Generation,WiseEdit: Benchmarking Cognition- and Creativity-Informed Image Editing,https://openaccess.thecvf.com/content/CVPR2026/html/Pan_WiseEdit_Benchmarking_Cognition-_and_Creativity-Informed_Image_Editing_CVPR_2026_paper.html,"Recent image editing models boast next-level intelligent capabilities, facilitating cognition- and creativity-informed image editing. Yet, existing benchmarks provide too narrow a scope for evaluation, failing to holistically assess these advanced abilities. To address this, we introduce WiseEdit, a knowledge-intensive benchmark for comprehensive evaluation of cognition- and creativity-informed im"
Image Generation,Inter-Edit: First Benchmark for Interactive Instruction-Based Image Editing,https://openaccess.thecvf.com/content/CVPR2026/html/Liu_Inter-Edit_First_Benchmark_for_Interactive_Instruction-Based_Image_Editing_CVPR_2026_paper.html,"Precise and controllable image editing remains a significant challenge. Current methods often rely on text prompts, but achieving accurate spatial localization solely through descriptions is inherently difficult. Mask-based approaches, though offering better control, typically require overly precise user annotations, thus increasing user burden and leading to unnatural results. To bridge this gap,"
Image Generation,Benchmarking Endoscopic Surgical Image Restoration and Beyond,https://openaccess.thecvf.com/content/CVPR2026/html/Pei_Benchmarking_Endoscopic_Surgical_Image_Restoration_and_Beyond_CVPR_2026_paper.html,"In endoscopic surgery, a clear and high-quality visual field is critical for surgeons to make accurate intraoperative decisions. However, persistent visual degradation, including smoke generated by energy devices, lens fogging from thermal gradients, and lens contamination due to blood or tissue fluid splashes during surgical procedures, severely impairs visual clarity. These degenerations can ser"
Image Generation,SDUIE: Semi-Supervised Diffusion for Underwater Image Enhancement with Quant-Text Dual Control,https://openaccess.thecvf.com/content/CVPR2026/html/Cong_SDUIE_Semi-Supervised_Diffusion_for_Underwater_Image_Enhancement_with_Quant-Text_Dual_CVPR_2026_paper.html,"Underwater images often exhibit dominant blue-green hues due to wavelength-dependent light attenuation. While existing enhancement methods have achieved promising performance, they typically overlook the subjective nature of visual preferences. To address this gap, we propose SDUIE, a level-aware Semi-supervised Diffusion framework for Underwater Image Enhancement that enables dual control through"
Image Generation,Bi-Bridge: Bidirectional Diffusion Bridges for Low-Light Image Enhancement,https://openaccess.thecvf.com/content/CVPR2026/html/Hua_Bi-Bridge_Bidirectional_Diffusion_Bridges_for_Low-Light_Image_Enhancement_CVPR_2026_paper.html,"Low-Light Image Enhancement (LLIE) is a challenging task, as severe information loss means a single input can correspond to multiple plausible restorations. This inherent ambiguity causes conventional regression-based models to produce overly-smooth results that lack detail. While recent generative models can create richer details, their common unidirectional design often compromises content fidel"
Image Generation,UniLDiff: Unlocking the Power of Diffusion Priors for All-in-One Image Restoration,https://openaccess.thecvf.com/content/CVPR2026/html/Cheng_UniLDiff_Unlocking_the_Power_of_Diffusion_Priors_for_All-in-One_Image_CVPR_2026_paper.html,"All-in-One Image Restoration (AiOIR) has emerged as a promising yet challenging research direction. To address the core challenges of diverse degradation modeling and detail preservation, we propose UniLDiff, a unified framework enhanced with degradation- and detail-aware mechanisms, unlocking the power of diffusion priors for robust image restoration. Specifically, we introduce a Degradation-Awar"
Image Generation,StableMTL: Repurposing Latent Diffusion Models for Multi-Task Learning from Partially Annotated Synthetic Datasets,https://openaccess.thecvf.com/content/CVPR2026/html/Cao_StableMTL_Repurposing_Latent_Diffusion_Models_for_Multi-Task_Learning_from_Partially_CVPR_2026_paper.html,"Multi-task learning for dense prediction is limited by the need for extensive annotation for every task, although recent works have explored training with partial task labels.Leveraging the generalization power of diffusion models, we extend the partial learning setup to a zero-shot setting, training a multi-task model on multiple synthetic datasets, each labeled for only a subset of tasks. Our me"
Image Generation,Kontinuous Kontext: Continuous Strength Control for Instruction-based Image Editing,https://openaccess.thecvf.com/content/CVPR2026/html/Parihar_Kontinuous_Kontext_Continuous_Strength_Control_for_Instruction-based_Image_Editing_CVPR_2026_paper.html,"Instruction-based image editing offers a powerful and intuitive way to manipulate images through natural language. Yet, relying solely on text instructions limits fine-grained control over the extent of edits. We introduce Kontinuous Kontext, an instruction-driven editing model that provides a new dimension of control over edit strength, enabling users to adjust edits gradually from no change to a"
Image Generation,Meta-CoT: Enhancing Granularity and Generalization in Image Editing,https://openaccess.thecvf.com/content/CVPR2026/html/Zhang_Meta-CoT_Enhancing_Granularity_and_Generalization_in_Image_Editing_CVPR_2026_paper.html,"Unified multi-modal understanding/generative models have shown improved image editing performance by incorporating fine-grained understanding into their Chain-of-Thought (CoT) process. However, a critical question remains underexplored: what forms of CoT and training strategy can jointly enhance both the understanding granularity and generalization? To address this, we propose Meta-CoT, a paradigm"
Image Generation,EditMGT: Unleashing Potentials of Masked Generative Transformers in Image Editing,https://openaccess.thecvf.com/content/CVPR2026/html/Chow_EditMGT_Unleashing_Potentials_of_Masked_Generative_Transformers_in_Image_Editing_CVPR_2026_paper.html,"Recent advances in diffusion models (DMs) have achieved exceptional visual quality in image editing tasks. However, the global denoising dynamics of DMs inherently conflate local editing targets with the full-image context, leading to unintended modifications in non-target regions. In this paper, we shift our attention beyond DMs and turn to Masked Generative Transformers (MGTs) as an alternative "
Image Generation,Towards Robust Sequential Decomposition for Complex Image Editing,https://openaccess.thecvf.com/content/CVPR2026/html/Zeng_Towards_Robust_Sequential_Decomposition_for_Complex_Image_Editing_CVPR_2026_paper.html,"Recent advances in visual generative models have enabled high-fidelity image editing guided by human instructions. However, these models often struggle with complex instructions involving combinatorial editing operations or inter-step dependencies. This difficulty stems from the limitations of two canonical paradigms: (1) single-turn editing, which attempts to apply all instructed edits in one pas"
Image Generation,DNF-SR: Dual-Input and Negative-Aware Feature Fine-Tuning for Real-World Image Super-Resolution,https://openaccess.thecvf.com/content/CVPR2026/html/Han_DNF-SR_Dual-Input_and_Negative-Aware_Feature_Fine-Tuning_for_Real-World_Image_Super-Resolution_CVPR_2026_paper.html,"Benefiting from the powerful generative priors of diffusion models, diffusion-based real-world image super-resolution (Real-ISR) methods have demonstrated impressive performance.To achieve efficient Real-ISR, several recent works have designed one-step diffusion-based models.Howerver, unmediatedly feeding LR into a diffusion model creates a distributional gap with the model's original input.A stra"
Image Generation,IFCSR: Inference-Free Fidelity-Realism Control for One-Step Diffusion-based Real-World Image Super-Resolution,https://openaccess.thecvf.com/content/CVPR2026/html/Back_IFCSR_Inference-Free_Fidelity-Realism_Control_for_One-Step_Diffusion-based_Real-World_Image_Super-Resolution_CVPR_2026_paper.html,"Diffusion models have recently achieved remarkable success in real-world image super-resolution (ISR), typically balancing a trade-off between fidelity (i.e., similarity to HR images) and realism (i.e., perceptual naturalness). To better account for subjective preferences in image quality, controllable diffusion-based methods have been explored, allowing personalized adjustment of this trade-off v"
Image Generation,Disentangled Textual Priors for Diffusion-based Image Super-Resolution,https://openaccess.thecvf.com/content/CVPR2026/html/Jiang_Disentangled_Textual_Priors_for_Diffusion-based_Image_Super-Resolution_CVPR_2026_paper.html,"Image Super-Resolution (SR) aims to reconstruct high-resolution images from degraded low-resolution inputs. While diffusion-based SR methods offer powerful generative capabilities, their performance heavily depends on how semantic priors are structured and integrated into the generation process. Existing approaches often rely on entangled or coarse-grained priors that mix global layout with local "
Image Generation,DreamSR: Towards Ultra-High-Resolution Image Super-Resolution via a Receptive-Field Enhanced Diffusion Transformer,https://openaccess.thecvf.com/content/CVPR2026/html/Dong_DreamSR_Towards_Ultra-High-Resolution_Image_Super-Resolution_via_a_Receptive-Field_Enhanced_Diffusion_CVPR_2026_paper.html,"Large-scale pre-trained diffusion models have been extensively adopted for real-world image Super-Resolution because of their powerful generative priors through textual guidance. However, when super-resolving high-resolution images with patch-wise inference strategy, most existing diffusion-based SR methods tend to suffer from over-generation, due to the misalignment between the global prompt from"
Image Generation,A Temporal and Content Co-Awareness Latent Diffusion for Controllable Hand Image Generation,https://openaccess.thecvf.com/content/CVPR2026/html/Hao_A_Temporal_and_Content_Co-Awareness_Latent_Diffusion_for_Controllable_Hand_CVPR_2026_paper.html,"Controllable hand image generation aims to synthesize geometrically accurate images with consistent appearance. Recently, diffusion models have achieved remarkable success in image generation and have been applied for hand image synthesis. Through input-level fusion or feature-level modulation, existing methods inject control signals with fixed strength across all denoising timesteps. However, thi"
Image Generation,Toward Early Quality Assessment of Text-to-Image Diffusion Models,https://openaccess.thecvf.com/content/CVPR2026/html/Guo_Toward_Early_Quality_Assessment_of_Text-to-Image_Diffusion_Models_CVPR_2026_paper.html,"Recent text-to-image (T2I) diffusion models can produce highly realistic images from natural language prompts. In practice, users usually generate multiple candidates and select only a small subset for downstream use, guided by automatic metrics like CLIPScore and ImageReward. However, this post-hoc quality assessment is highly resource-intensive since quality is assessed after dozens to hundreds "
Image Generation,Language-Guided One-Step Diffusion Model for Nighttime Flare Removal,https://openaccess.thecvf.com/content/CVPR2026/html/Ning_Language-Guided_One-Step_Diffusion_Model_for_Nighttime_Flare_Removal_CVPR_2026_paper.html,"Nighttime photography is susceptible to flare caused by strong light sources, which degrades visual quality and disrupts structural information required by downstream vision tasks. Existing nighttime flare removal methods generally lack semantic priors for flare-occluded regions and thus tend to introduce artifacts and lose details under severe degradation. To address this problem, we propose a la"
Image Generation,Landscape-Awareness for Geometric View Diffusion Model,https://openaccess.thecvf.com/content/CVPR2026/html/Chen_Landscape-Awareness_for_Geometric_View_Diffusion_Model_CVPR_2026_paper.html,"Accuracy camera viewpoint estimation under sparse-view conditions remains challenging, particularly in two-view scenarios. Recent approaches leverage diffusion models such as Zero123, which synthesize novel views conditioned on relative viewpoint, and have demonstrated promising performance when repurposed for viewpoint estimation via optimization with MSE loss. However, existing methods often suf"
Image Generation,Otil: Accelerating Diffusion Model Inference via Communication-Efficient Multi-GPU Parallelism,https://openaccess.thecvf.com/content/CVPR2026/html/Li_Otil_Accelerating_Diffusion_Model_Inference_via_Communication-Efficient_Multi-GPU_Parallelism_CVPR_2026_paper.html,"Diffusion models (DMs) have recently achieved remarkable success across diverse modalities, including high-fidelity image and video synthesis.However, their inherent step sequential denoising process introduces substantial cumulative latency, which significantly degrades user experience. While existing multi-GPU parallelization motheds can alleviate latency, they often incur prohibitive GPU-GPU co"
Image Generation,CAST: Context-Aware Dynamic Latent Space Transformation for Interactive Text-to-Image Retrieval,https://openaccess.thecvf.com/content/CVPR2026/html/Lin_CAST_Context-Aware_Dynamic_Latent_Space_Transformation_for_Interactive_Text-to-Image_Retrieval_CVPR_2026_paper.html,"Interactive Text-to-Image Retrieval (I-TIR) aims to refine image retrieval results through natural language dialogues, which allows users to progressively supplement or correct their search intention across multiple rounds, enabling a more precise and user-aligned visual search experience.However, existing methods perform cross-modal retrieval within a fixed multimodal feature space, mapping all d"
Image Generation,FMPose3D: monocular 3D pose estimation via flow matching,https://openaccess.thecvf.com/content/CVPR2026/html/Wang_FMPose3D_monocular_3D_pose_estimation_via_flow_matching_CVPR_2026_paper.html,"Monocular 3D pose estimation is fundamentally ill-posed due to depth ambiguity and occlusions, thereby motivating probabilistic methods that generate multiple plausible 3D pose hypotheses.In particular, diffusion-based models have demonstrated strong performance, but their iterative denoising process typically requires many time steps for each prediction, making inference computationally expensive"
Image Generation,When Understanding Becomes a Risk: Authenticity and Safety Risks in the Emerging Image Generation Paradigm,https://openaccess.thecvf.com/content/CVPR2026/html/Leng_When_Understanding_Becomes_a_Risk_Authenticity_and_Safety_Risks_in_CVPR_2026_paper.html,"Recently, multimodal large language models (MLLMs) have emerged as a unified paradigm for language and image generation. Our work shows that MLLMs pair usability with higher risks, highlighting the need for adaptive safeguards to mitigate real-world harms.Compared with diffusion models, MLLMs possess a much stronger capability for semantic understanding, enabling them to process more complex textu"
Image Generation,GeodesicNVS: Probability Density Geodesic Flow Matching for Novel View Synthesis,https://openaccess.thecvf.com/content/CVPR2026/html/Wang_GeodesicNVS_Probability_Density_Geodesic_Flow_Matching_for_Novel_View_Synthesis_CVPR_2026_paper.html,"Recent advances in generative modeling have substantially enhanced novel view synthesis, yet maintaining consistency across viewpoints remains challenging. Diffusion-based models rely on stochastic noise-to-data transitions, which obscure deterministic structures and yield inconsistent view predictions.We propose a Data-to-Data Flow Matching framework that learns deterministic transformations dire"
Image Generation,Diversity over Uniformity: Rethinking Representation in Generated Image Detection,https://openaccess.thecvf.com/content/CVPR2026/html/He_Diversity_over_Uniformity_Rethinking_Representation_in_Generated_Image_Detection_CVPR_2026_paper.html,"With the rapid advancement of generative models, generated image detection has become an important task in visual forensics. Although existing methods have achieved remarkable progress, they often rely, after training, on only a small subset of highly salient forgery cues, which limits their ability to generalize to unseen generative mechanisms. We argue that reliably generated image detection sho"
Image Generation,RenderFlow: Single-Step Neural Rendering via Flow Matching,https://openaccess.thecvf.com/content/CVPR2026/html/Zhang_RenderFlow_Single-Step_Neural_Rendering_via_Flow_Matching_CVPR_2026_paper.html,"Conventional physically-based rendering (PBR) pipelines generate photorealistic images through computationally expensive light transport simulations. Although recent deep learning approaches leverage diffusion model priors with geometry buffers (G-buffers) to produce visually compelling results without explicit scene geometry or light simulation, they remain constrained by two major limitations. F"
Image Generation,FailureAtlas: Mapping the Failure Landscape of T2I Models via Active Exploration,https://openaccess.thecvf.com/content/CVPR2026/html/Chen_FailureAtlas_Mapping_the_Failure_Landscape_of_T2I_Models_via_Active_CVPR_2026_paper.html,"Static benchmark-driven evaluation has provided a valuable foundation for analyzing Text-to-Image (T2I) models.However, the fixed and predetermined prompt sets in benchmarks inherently limit diagnostic depth, making it difficult to uncover the full landscape of models' systematic failures or isolate their root causes.We argue for a complementary paradigm: $\textbf{active exploration}$, and introdu"
Image Generation,BiEvLight: Bi-level Learning of Task-Aware Event Refinement for Low-Light Image Enhancement,https://openaccess.thecvf.com/content/CVPR2026/html/Yao_BiEvLight_Bi-level_Learning_of_Task-Aware_Event_Refinement_for_Low-Light_Image_CVPR_2026_paper.html,"Event cameras, with their high dynamic range, show great promise for Low-light Image Enhancement (LLIE). Existing works primarily focus on designing effective modal fusion strategies. However, a key challenge is the dual degradation from intrinsic background activity (BA) noise in events and low signal-to-noise ratio (SNR) in images, which causes severe noise coupling during modal fusion, creating"
Image Generation,Enhancing Unregistered Hyperspectral Image Super-Resolution via Unmixing-based Abundance Fusion Learning,https://openaccess.thecvf.com/content/CVPR2026/html/Zhang_Enhancing_Unregistered_Hyperspectral_Image_Super-Resolution_via_Unmixing-based_Abundance_Fusion_Learning_CVPR_2026_paper.html,"Unregistered hyperspectral image (HSI) super-resolution (SR) typically aims to enhance a low-resolution HSI using an unregistered high-resolution reference image.In this paper, we propose an unmixing-based fusion framework that decouples spatial-spectral information to simultaneously mitigate the impact of unregistered fusion and enhance the learnability of SR models.Specifically, we first utilize"
Image Generation,Phased DMD: Few-step Distribution Matching Distillation via Score Matching within Subintervals,https://openaccess.thecvf.com/content/CVPR2026/html/Fan_Phased_DMD_Few-step_Distribution_Matching_Distillation_via_Score_Matching_within_CVPR_2026_paper.html,"Distribution Matching Distillation (DMD) distills score-based generative models into efficient one-step generators,without requiring a one-to-one correspondence with the sampling trajectories of their teachers.Yet, the limited capacity of one-step distilled models compromises generative diversity and degrades performance in complex generative tasks, e.g., generating intricate object motions in tex"
Image Generation,FINE: Factorizing Knowledge for Initialization of Variable-sized Diffusion Models,https://openaccess.thecvf.com/content/CVPR2026/html/Xie_FINE_Factorizing_Knowledge_for_Initialization_of_Variable-sized_Diffusion_Models_CVPR_2026_paper.html,"The training of diffusion models is computationally intensive, making effective pre-training essential. However, real-world deployments often demand models of variable sizes due to diverse memory and computational constraints, posing challenges when corresponding pre-trained versions are unavailable.To address this, we propose FINE, a novel pre-training method whose resulting model can flexibly fa"
Image Generation,FlowDIS: Language-Guided Dichotomous Image Segmentation with Flow Matching,https://openaccess.thecvf.com/content/CVPR2026/html/Sargsyan_FlowDIS_Language-Guided_Dichotomous_Image_Segmentation_with_Flow_Matching_CVPR_2026_paper.html,"Accurate image segmentation is essential for modern computer vision applications such as image editing, autonomous driving, and medical analysis. In recent years, Dichotomous Image Segmentation (DIS)  has become the standard task for training and evaluating highly accurate segmentation models. Existing DIS approaches often fail to preserve fine-grained details or fully capture the semantic structu"
Image Generation,Beyond Pixel Simulation: Pathology Image Generation via Diagnostic Semantic Tokens and Prototype Control,https://openaccess.thecvf.com/content/CVPR2026/html/Han_Beyond_Pixel_Simulation_Pathology_Image_Generation_via_Diagnostic_Semantic_Tokens_CVPR_2026_paper.html,"In computational pathology, understanding and generation have evolved along disparate paths: advanced understanding models already exhibit diagnostic-level competence, whereas generative models largely simulate pixels. Progress remains hindered by three coupled factors: the scarcity of large, high-quality image–text corpora; the lack of precise, fine-grained semantic control, which forces reliance"
Image Generation,Zero-shot Detection of AI-Generated Image via RAW-RGB Alignment,https://openaccess.thecvf.com/content/CVPR2026/html/Wu_Zero-shot_Detection_of_AI-Generated_Image_via_RAW-RGB_Alignment_CVPR_2026_paper.html,"Advances in generative AI (GenAI) have increasingly complicated the identification of synthetic images, prompting the proposal of numerous zero-/few-shot detection methods to counter unknown GenAI better. However, we observe that existing detectors often misclassify synthetic images with physical transformations (e.g., print+scan) as real. The essence of this observation lies in: should images rem"
Image Generation,Scaling Up AI-Generated Image Detection with Generator-Aware Prototypes,https://openaccess.thecvf.com/content/CVPR2026/html/Qin_Scaling_Up_AI-Generated_Image_Detection_with_Generator-Aware_Prototypes_CVPR_2026_paper.html,"The pursuit of a universal AI-generated image (AIGI) detector often relies on aggregating data from numerous generators to improve generalization. However, this paper identifies a paradoxical phenomenon we term the Benefit then Conflict dilemma, where detector performance stagnates and eventually degrades as source diversity expands. Our systematic analysis, leveraging Linear Discriminant Analysis"
Image Generation,HP-Edit: A Human-Preference Post-Training Framework for Image Editing,https://openaccess.thecvf.com/content/CVPR2026/html/Li_HP-Edit_A_Human-Preference_Post-Training_Framework_for_Image_Editing_CVPR_2026_paper.html,"Common image editing tasks typically adopt powerful generative diffusion models as the leading paradigm for real-world content editing. Meanwhile, although reinforcement learning (RL) methods such as Diffusion-DPO and Flow-GRPO have further improved generation quality, efficiently applying Reinforcement Learning from Human Feedback (RLHF) to diffusion-based editing remains largely unexplored, due "
Image Generation,RebRL: Reinforcing Discrete Visual Diffusion Models with Rebalanced Timestep Credits,https://openaccess.thecvf.com/content/CVPR2026/html/Zhang_RebRL_Reinforcing_Discrete_Visual_Diffusion_Models_with_Rebalanced_Timestep_Credits_CVPR_2026_paper.html,"Discrete Diffusion Models (DDMs) have shown great potential in image generation, especially when equipped with reinforcement learning (RL) techniques.However, a fundamental yet overlooked limitation is revealed in our experiments: severe imbalance of credit assignment across timesteps during training. As a result, early generation timesteps, which carry higher exploration potential and determine t"
Image Generation,Towards Fine-Grained Attribution: Instance-Aware Preference Optimization for Aligning Diffusion Models,https://openaccess.thecvf.com/content/CVPR2026/html/Sun_Towards_Fine-Grained_Attribution_Instance-Aware_Preference_Optimization_for_Aligning_Diffusion_Models_CVPR_2026_paper.html,"Direct Preference Optimization has achieved remarkable success in aligning diffusion models with human feedback. However, existing methods heavily rely on image-level preferences, which suffer from sparse rewards in the spatial dimension. This creates a fundamental misalignment: while an image may be globally preferred, it can contain locally inferior instances. Applying the same positive preferen"
Image Generation,UniPercept: A Unified Diffusion Model for Generalizable Visual Perception,https://openaccess.thecvf.com/content/CVPR2026/html/Zhao_UniPercept_A_Unified_Diffusion_Model_for_Generalizable_Visual_Perception_CVPR_2026_paper.html,"Diffusion models have shown impressive performance in generative tasks, demonstrating their ability to capture detailed structural and semantic information. Recently, these capabilities have been extended to visual understanding, with studies employing diffusion models as the backbone for various perception tasks. However, existing diffusion-based perception models are generally restricted to a si"
Image Generation,Visual Diffusion Models are Geometric Solvers,https://openaccess.thecvf.com/content/CVPR2026/html/Goren_Visual_Diffusion_Models_are_Geometric_Solvers_CVPR_2026_paper.html,"In this paper we show that visual diffusion models can serve as effective geometric solvers: they can directly reason about geometric problems by working in pixel space. We first demonstrate this on the Inscribed Square Problem, a long-standing problem in geometry that asks whether every Jordan curve contains four points forming a square. We then extend the approach to two other well-known hard ge"
Image Generation,Smoothing the Score Function to Enhance Generalization in Diffusion Models,https://openaccess.thecvf.com/content/CVPR2026/html/Zhou_Smoothing_the_Score_Function_to_Enhance_Generalization_in_Diffusion_Models_CVPR_2026_paper.html,"Diffusion models achieve remarkable generation quality, yet face a fundamental challenge known as **memorization**, where generated samples can replicate training samples exactly. We develop a theoretical framework to explain this phenomenon by showing that the empirical score function (the score function corresponding to the empirical distribution) is a weighted sum of the score functions of Gaus"
Image Generation,Vision Foundation Models Can Be Good Tokenizers for Latent Diffusion Models,https://openaccess.thecvf.com/content/CVPR2026/html/Bi_Vision_Foundation_Models_Can_Be_Good_Tokenizers_for_Latent_Diffusion_CVPR_2026_paper.html,"The performance of Latent Diffusion Models (LDMs) is critically dependent on the quality of their visual tokenizers. While recent works have explored incorporating Vision Foundation Models (VFMs) into the tokenizers training via distillation, we empirically find this approach inevitably weakens the robustness of learnt representation from original VFM. In this paper, we bypass the distillation by "
Image Generation,Proxy-Tuning: Tailoring Multimodal Autoregressive Models for Subject-Driven Image Generation,https://openaccess.thecvf.com/content/CVPR2026/html/Wu_Proxy-Tuning_Tailoring_Multimodal_Autoregressive_Models_for_Subject-Driven_Image_Generation_CVPR_2026_paper.html,"Multimodal autoregressive (AR) models, based on next-token prediction and transformer architecture, have demonstrated remarkable capabilities in various multimodal tasks including text-to-image (T2I) generation. Despite their strong performance in general T2I tasks, our research reveals that these models initially struggle with subject-driven image generation compared to dominant diffusion models."
Image Generation,EasyOmnimatte: Taming Pretrained Inpainting Diffusion Models for End-to-End Video Layered Decompositio,https://openaccess.thecvf.com/content/CVPR2026/html/Hu_EasyOmnimatte_Taming_Pretrained_Inpainting_Diffusion_Models_for_End-to-End_Video_Layered_CVPR_2026_paper.html,"Existing video omnimatte methods typically rely on slow, multi-stage, or inference-time optimization pipelines that fail to fully exploit powerful generative priors, producing suboptimal decompositions. Our key insight is that, if a video inpainting model can be finetuned to remove the foreground-associated effects, then it must be inherently capable of perceiving these effects, and hence can also"
Image Generation,2ndMatch: Finetuning Pruned Diffusion Models via Second-Order Jacobian Matching,https://openaccess.thecvf.com/content/CVPR2026/html/Zheng_2ndMatch_Finetuning_Pruned_Diffusion_Models_via_Second-Order_Jacobian_Matching_CVPR_2026_paper.html,"Diffusion models achieve remarkable performance across diverse generative tasks in computer vision, but their high computational cost remains a major barrier to deployment. Model pruning offers a promising way to reduce inference cost and enable lightweight diffusion models. However, pruning leads to quality degradation due to reduced capacity. A key limitation of existing pruning approaches is th"
Image Generation,MacTok: Robust Continuous Tokenization for Image Generation,https://openaccess.thecvf.com/content/CVPR2026/html/Zeng_MacTok_Robust_Continuous_Tokenization_for_Image_Generation_CVPR_2026_paper.html,"Continuous image tokenizers enable efficient visual generation, and those based on variational frameworks can learn smooth, structured latent representations through KL regularization. Yet this often leads to posterior collapse when using fewer tokens, where the encoder fails to encode informative features into the compressed latent space. To address this, we introduce **MacTok**, a **M**asked **A"
Image Generation,DiffusionHarmonizer: Bridging Neural Reconstruction and Photorealistic Simulation with Online Diffusion Enhancer,https://openaccess.thecvf.com/content/CVPR2026/html/Zhang_DiffusionHarmonizer_Bridging_Neural_Reconstruction_and_Photorealistic_Simulation_with_Online_Diffusion_CVPR_2026_paper.html,"Simulation is essential to the development and evaluation of autonomous robots such as self-driving vehicles. Neural reconstruction is emerging as a promising solution as it enables simulating a wide variety of scenarios from real-world data alone in an automated and scalable way. However, while methods such as NeRF and 3D Gaussian Splatting can produce visually compelling results, they often exhi"
Image Generation,FreqEdit: Preserving High-Frequency Features for Robust Multi-Turn Image Editing,https://openaccess.thecvf.com/content/CVPR2026/html/Liao_FreqEdit_Preserving_High-Frequency_Features_for_Robust_Multi-Turn_Image_Editing_CVPR_2026_paper.html,"Instruction-based image editing through natural language has emerged as a powerful paradigm for intuitive visual manipulation. While recent models achieve impressive results on single edits, they suffer from severe quality degradation under multi-turn editing. Through systematic analysis, we identify progressive loss of high-frequency information as the primary cause of this quality degradation. W"
Image Generation,Graph-Guided Online Concept Erasure for Text-to-Image Diffusion Models,https://cvpr.thecvf.com/virtual/2026/poster/37993,"Concept erasure aims to remove harmful, inappropriate, or copyrighted content from text-to-image diffusion models while preserving non-target semantics. However, existing methods either rely on costly fine-tuning or apply coarse semantic separation, often degrading unrelated concepts and lacking adaptability to evolving concept sets. To alleviate this issue, we propose Graph-Guided Online Concept "
Image Generation,CTCal: Rethinking Text-to-Image Diffusion Models via Cross-Timestep Self-Calibration,https://openaccess.thecvf.com/content/CVPR2026/html/Guo_CTCal_Rethinking_Text-to-Image_Diffusion_Models_via_Cross-Timestep_Self-Calibration_CVPR_2026_paper.html,"Recent advancements in text-to-image synthesis have been largely propelled by diffusion-based models, yet achieving precise alignment between text prompts and generated images remains a persistent challenge. We find that this difficulty arises primarily from the limitations of conventional diffusion loss, which provides only implicit supervision for modeling fine-grained text-image correspondence."
Image Generation,Edit2Perceive: Image Editing Diffusion Models Are Strong Dense Perceivers,https://openaccess.thecvf.com/content/CVPR2026/html/Shi_Edit2Perceive_Image_Editing_Diffusion_Models_Are_Strong_Dense_Perceivers_CVPR_2026_paper.html,"Recent advances in diffusion transformers have shown remarkable generalization in visual synthesis, yet most dense perception methods still rely on text-to-image (T2I) generators designed for stochastic generation. We revisit this paradigm and show that image editing diffusion models are inherently image-to-image consistent, providing a more suitable foundation for dense perception task. We introd"
Image Generation,DeCo: Frequency-Decoupled Pixel Diffusion for End-to-End Image Generation,https://openaccess.thecvf.com/content/CVPR2026/html/Ma_DeCo_Frequency-Decoupled_Pixel_Diffusion_for_End-to-End_Image_Generation_CVPR_2026_paper.html,"Pixel diffusion aims to generate images directly in pixel space in an end-to-end fashion. This approach avoids the limitations of VAE in the two-stage latent diffusion, offering higher model capacity. Existing pixel diffusion models suffer from slow training and inference, as they usually model both high-frequency signals and low-frequency semantics within a single diffusion transformer (DiT). To "
Image Generation,Accelerating Diffusion Model Training under Minimal Budgets: A Condensation-Based Perspective,https://openaccess.thecvf.com/content/CVPR2026/html/Huang_Accelerating_Diffusion_Model_Training_under_Minimal_Budgets_A_Condensation-Based_Perspective_CVPR_2026_paper.html,"Diffusion models have achieved remarkable performance on a wide range of generative tasks, yet training them from scratch is notoriously resource-intensive, typically requiring millions of training images and many GPU days. Motivated by a data-centric view of this bottleneck, we adopt a condensation-based perspective: given a large training set, the goal is to construct a much smaller condensed da"
Image Generation,Denoising as Path Planning: Training-Free Acceleration of Diffusion Models with DPCache,https://openaccess.thecvf.com/content/CVPR2026/html/Cui_Denoising_as_Path_Planning_Training-Free_Acceleration_of_Diffusion_Models_with_CVPR_2026_paper.html,"Diffusion models have demonstrated remarkable success in image and video generation, yet their practical deployment remains hindered by the substantial computational overhead of multi-step iterative sampling.Among acceleration strategies, caching-based methods offer a training-free and effective solution by reusing or predicting features across timesteps. However, existing approaches rely on fixed"
Image Generation,Taming Sampling Perturbations with Variance Expansion Loss for Latent Diffusion Models,https://openaccess.thecvf.com/content/CVPR2026/html/Li_Taming_Sampling_Perturbations_with_Variance_Expansion_Loss_for_Latent_Diffusion_CVPR_2026_paper.html,"Latent diffusion models have emerged as the dominant framework for high-fidelity and efficient image generation, owing to their ability to learn diffusion processes in compact latent spaces. However, while previous research has focused primarily on reconstruction accuracy and semantic alignment of the latent space, we observe that another critical factor, robustness to diffusion sampling perturbat"
Image Generation,Guiding Diffusion Models with Semantically Degraded Conditions,https://openaccess.thecvf.com/content/CVPR2026/html/Han_Guiding_Diffusion_Models_with_Semantically_Degraded_Conditions_CVPR_2026_paper.html,"Classifier-Free Guidance (CFG) is a cornerstone of modern text-to-image models, yet its reliance on a semantically vacuous null prompt ($\varnothing$) generates a guidance signal prone to geometric entanglement. This is a key factor limiting its precision, leading to well-documented failures in complex compositional tasks. We propose Condition-Degradation Guidance (CDG), a novel paradigm that repl"
Image Generation,Semantics Lead the Way: Harmonizing Semantic and Texture Modeling with Asynchronous Latent Diffusion,https://openaccess.thecvf.com/content/CVPR2026/html/Pan_Semantics_Lead_the_Way_Harmonizing_Semantic_and_Texture_Modeling_with_CVPR_2026_paper.html,"Latent Diffusion Models (LDMs) inherently follow a coarse-to-fine generation process, where high-level semantic structure is generated slightly earlier than fine-grained texture. This indicates the preceding semantics potentially benefit the texture generation by providing a semantic anchor. Recent advances have integrated semantic priors from pretrained visual encoders to further enhance LDMs, ye"
Image Generation,SegQuant: A Semantics-Aware and Generalizable Quantization Framework for Diffusion Models,https://openaccess.thecvf.com/content/CVPR2026/html/Zhang_SegQuant_A_Semantics-Aware_and_Generalizable_Quantization_Framework_for_Diffusion_Models_CVPR_2026_paper.html,"Diffusion models have demonstrated exceptional generative capabilities but are computationally intensive, posing significant challenges for deployment in resource-constrained or latency-sensitive environments.Quantization offers an effective means to reduce model size and computational cost, with post-training quantization (PTQ) being particularly appealing due to its compatibility with pre-traine"
Image Generation,Refracting Reality: Generating Images with Realistic Transparent Objects,https://openaccess.thecvf.com/content/CVPR2026/html/Yin_Refracting_Reality_Generating_Images_with_Realistic_Transparent_Objects_CVPR_2026_paper.html,"Generative image models can produce convincingly real images, with plausible shapes, textures, layouts and lighting. However, one domain in which they perform notably poorly is in the synthesis of transparent objects, which exhibit refraction, reflection, absorption and scattering. Refraction is a particular challenge, because refracted pixel rays often intersect with surfaces observed in other pa"
Image Generation,Image Generation from Contextually-Contradictory Prompts,https://openaccess.thecvf.com/content/CVPR2026/html/Huberman_Image_Generation_from_Contextually-Contradictory_Prompts_CVPR_2026_paper.html,"Text-to-image diffusion models excel at generating high-quality, diverse images from natural language prompts. However, they often fail to produce semantically accurate results when the prompt contains concept combinations that contradict their learned priors. We define this failure mode as contextual contradiction, where one concept implicitly negates another due to entangled associations learned"
Image Generation,Test-Time Alignment of Text-to-Image Diffusion Models via Null-Text Embedding Optimisation,https://openaccess.thecvf.com/content/CVPR2026/html/Kim_Test-Time_Alignment_of_Text-to-Image_Diffusion_Models_via_Null-Text_Embedding_Optimisation_CVPR_2026_paper.html,"Test-time alignment (TTA) aims to adapt models to specific rewards during inference. However, existing methods tend to either under-optimise or over-optimise (reward hack) the target reward function.  We propose Null-Text Test-Time Alignment (Null-TTA), which aligns diffusion models by optimising the unconditional embedding in classifier-free guidance, rather than manipulating latent or noise vari"
Image Generation,LeapAlign: Post-training Flow Matching Models at Any Generation Step by Building Two-Step Trajectories,https://openaccess.thecvf.com/content/CVPR2026/html/Liang_LeapAlign_Post-training_Flow_Matching_Models_at_Any_Generation_Step_by_CVPR_2026_paper.html,"This paper focuses on the alignment of flow-matching models with human preference. A promising way is fine-tuning by directly backpropagating reward signals through the differentiable generation process of flow matching. However, backpropagating through long trajectories results in prohibitive memory costs and gradient explosion. Therefore, direct-gradient methods struggle to update early generati"
Image Generation,C-GenReg: Training-Free 3D Point Cloud Registration by Multi-View-Consistent Geometry-to-Image Generation with Probabilistic Modalities Fusion,https://openaccess.thecvf.com/content/CVPR2026/html/Haitman_C-GenReg_Training-Free_3D_Point_Cloud_Registration_by_Multi-View-Consistent_Geometry-to-Image_Generation_CVPR_2026_paper.html,"We introduce C-GenReg, a training-free framework for 3D point cloud registration that leverages the complementary strengths of world-scale generative priors and registration-oriented Vision Foundation Models (VFMs). Current learning-based 3D  point cloud registration methods struggle to generalize across sensing modalities, sampling differences, and environments. Hence, C-GenReg augments the geome"
Image Generation,Progress by Pieces: Test-Time Scaling for Autoregressive Image Generation,https://openaccess.thecvf.com/content/CVPR2026/html/Park_Progress_by_Pieces_Test-Time_Scaling_for_Autoregressive_Image_Generation_CVPR_2026_paper.html,"Recent visual autoregressive (AR) models have shown promising capabilities in text-to-image generation, operating in a manner similar to large language models. While test-time computation scaling has brought remarkable success in enabling reasoning-enhanced outputs for challenging natural language tasks, its adaptation to visual AR models remains unexplored and poses unique challenges. Naively app"
Image Generation,Erasing Thousands of Concepts: Towards Scalable and Practical Concept Erasure for Text-to-Image Diffusion Models,https://openaccess.thecvf.com/content/CVPR2026/html/Seo_Erasing_Thousands_of_Concepts_Towards_Scalable_and_Practical_Concept_Erasure_CVPR_2026_paper.html,"Large-scale text-to-image (T2I) diffusion models deliver remarkable visual fidelity but pose  safety risks due to their capacity to reproduce undesirable content, such as copyrighted ones. Concept erasure has emerged as a mitigation strategy, yet existing approaches struggle to balance scalability, precision, and robustness, which restricts their applicability to erasing only a few hundred concept"
Image Generation,Geo2: Geometry-Guided Cross-view Geo-Localization and Image Synthesis,https://openaccess.thecvf.com/content/CVPR2026/html/Zhang_Geo2_Geometry-Guided_Cross-view_Geo-Localization_and_Image_Synthesis_CVPR_2026_paper.html,"Cross-view geo-spatial learning consists of two important tasks: Cross-View Geo-Localization (CVGL) and Cross-View Image Synthesis (CVIS), both of which rely on establishing geometric correspondences between ground and aerial views. Recent Geometric Foundation Models (GFMs) have demonstrated strong capabilities in extracting generalizable 3D geometric features from images, but their potential in c"
Image Generation,"Attention, May I Have Your Decision? Localizing Generative Choices in Diffusion Models",https://openaccess.thecvf.com/content/CVPR2026/html/Zaleska_Attention_May_I_Have_Your_Decision_Localizing_Generative_Choices_in_CVPR_2026_paper.html,"Text-to-image diffusion models exhibit remarkable generative capabilities, yet their internal operations remain opaque, particularly when handling prompts that are not fully descriptive. In such scenarios, models must make implicit decisions to generate details not explicitly specified in the text. This work investigates the hypothesis that this decision-making process is not diffuse but is comput"
Image Generation,3D Space as a Scratchpad for Editable Text-to-Image Generation,https://openaccess.thecvf.com/content/CVPR2026/html/Saha_3D_Space_as_a_Scratchpad_for_Editable_Text-to-Image_Generation_CVPR_2026_paper.html,"Recent progress in large language models (LLMs) has shown that reasoning improves when intermediate thoughts are externalized into explicit workspaces, such as chain-of-thought traces or tool-augmented reasoning.Yet, visual language models (VLMs) lack an analogous mechanism for spatial reasoning, limiting their ability to generate images that accurately reflect geometric relations, object identiti"
Image Generation,When Pretty Isn’t Useful: Investigating Why Modern Text-to-Image Models Fail as Reliable Training Data Generators,https://cvpr.thecvf.com/virtual/2026/poster/37721,"Recent text-to-image (T2I) diffusion models produce visually stunning images and demonstrate excellent prompt following. But do they perform well as synthetic vision data generators? In this work, we revisit the promise of synthetic data as a scalable substitute for real training sets and uncover a surprising performance regression.We generate large-scale synthetic datasets using state-of-the-art "
Image Generation,Camera Control for Text-to-Image Generation via Learning Viewpoint Tokens,https://openaccess.thecvf.com/content/CVPR2026/html/Lu_Camera_Control_for_Text-to-Image_Generation_via_Learning_Viewpoint_Tokens_CVPR_2026_paper.html,"Current text-to-image models struggle to express precise camera control using natural language alone. In this work, we present a framework for precise camera control with global scene understanding in text-to-image generation by learning parametric camera tokens. We fine-tune a unified multimodal model for viewpoint-conditioned text-to-image generation on a curated dataset that combines high-volum"
Image Generation,Resolving the Identity Crisis in Text-to-Image Generation,https://openaccess.thecvf.com/content/CVPR2026/html/Borse_Resolving_the_Identity_Crisis_in_Text-to-Image_Generation_CVPR_2026_paper.html,"State-of-the-art text-to-image models demonstrate impressive realism but suffer from a persistent identity crisis when generating scenes with multiple humans: producing duplicate faces, merging identities, and miscounting individuals. We present DisCo, Reinforcement with DiverSity Constraints, a novel reinforcement learning framework that directly optimizes identity diversity both within images an"
Image Generation,Unleashing Stealthy Backdoor Pandemic by Infecting a Single Diffusion Model,https://openaccess.thecvf.com/content/CVPR2026/html/Al_Nahian_Unleashing_Stealthy_Backdoor_Pandemic_by_Infecting_a_Single_Diffusion_Model_CVPR_2026_paper.html,"The remarkable success of modern Deep Neural Networks (DNNs) can be primarily attributed to having access to compute resources and high-quality labeled data, which is often costly and challenging to acquire. Recently, text-to-image Diffusion Models (DMs) have emerged as powerful data generators to augment training datasets. Machine learning practitioners often utilize off-the-shelf third-party DMs"
Image Generation,Efﬁcient and Training-Free Single-Image Diffusion Models,https://cvpr.thecvf.com/virtual/2026/poster/38208,"We consider the problem of generating images whose internal structure---defined by the distribution of patches across multiple scales---matches that of a single reference image. Recent approaches address this problem by training a diffusion model on a single image. But even in this setting, training is computationally expensive and requires hours of optimization. Instead, we model the image using "
Image Generation,Stable Mean Flow: Lyapunov-Inspired One-Step Flow Matching,https://openaccess.thecvf.com/content/CVPR2026/html/Zhang_Stable_Mean_Flow_Lyapunov-Inspired_One-Step_Flow_Matching_CVPR_2026_paper.html,"The Mean Flow Matching algorithm is the state-of-the-art for one-step generative models.  Building on this idea, we propose the Stable Mean Flow algorithm and introduce a Lyapunov-inspired stability regularizer that enforces local non-expansivity of the single-step transport map. This design guarantees uniqueness of characteristics and bounds trajectory drift. We conduct experiments that show impr"
Image Generation,Towards GUI Agents: Vision-Language Diffusion Models for GUI Grounding,https://openaccess.thecvf.com/content/CVPR2026/html/Kumbhar_Towards_GUI_Agents_Vision-Language_Diffusion_Models_for_GUI_Grounding_CVPR_2026_paper.html,"Autoregressive (AR) vision–language models (VLMs) have long dominated multimodal understanding, reasoning, and graphical user interface (GUI) grounding. Recently, discrete diffusion vision–language models (DVLMs) have shown strong performance in multimodal reasoning, offering bidirectional attention, parallel token generation, and iterative refinement. However, their potential for GUI grounding re"
Image Generation,Any2Any 3D Diffusion Models with Knowledge Transfer: A Radiotherapy Planning Study,https://openaccess.thecvf.com/content/CVPR2026/html/Wang_Any2Any_3D_Diffusion_Models_with_Knowledge_Transfer_A_Radiotherapy_Planning_CVPR_2026_paper.html,"Voxel-wise dose prediction is a critical yet challenging task in practical radiotherapy (RT) planning, as bespoke models trained from scratch often struggle to generalize across diverse clinical settings. Meanwhile, generative models trained on billion-scale datasets from vision domains have achieved impressive performance. Herein, we propose DiffKT3D, a unified Any2Any 3D diffusion framework that"
Image Generation,Multi-Patch Global-to-Local Transformer Architecture For Efficient Flow Matching and Diffusion Model,https://openaccess.thecvf.com/content/CVPR2026/html/Dao_Multi-Patch_Global-to-Local_Transformer_Architecture_For_Efficient_Flow_Matching_and_Diffusion_CVPR_2026_paper.html,"Transformer architectures, particularly Diffusion Transformers (DiTs), have become widely used in diffusion and flow-matching models due to their strong performance compared to convolutional UNets. However, the isotropic design of DiTs processes the same number of patchified tokens in every block, leading to relatively heavy computation during training process. In this work, we introduce a multi-p"
Image Generation,GDRO: Group-level Reward Post-training Suitable for Diffusion Models,https://openaccess.thecvf.com/content/CVPR2026/html/Wang_GDRO_Group-level_Reward_Post-training_Suitable_for_Diffusion_Models_CVPR_2026_paper.html,"Recent advancements adopt online reinforcement learning (RL) from LLMs to text-to-image rectified flow diffusion models for reward alignment. The use of group-level rewards successfully aligns the model with the targeted reward. However, it faces challenges including low efficiency, dependency on stochastic samplers, and reward hacking. The problem is that rectified flow models are fundamentally d"
Image Generation,Latent Diffusion Inversion Requires Understanding the Latent Space,https://openaccess.thecvf.com/content/CVPR2026/html/Rao_Latent_Diffusion_Inversion_Requires_Understanding_the_Latent_Space_CVPR_2026_paper.html,"The recovery of training data from generative models (``model inversion'') has been extensively studied for diffusion models in the data domain. The encoder/decoder pair and corresponding latent codes have largely been ignored by inversion techniques applied to latent space generative models, e.g., Latent Diffusion models (LDMs). In this work we describe two key findings: (1) The diffusion model e"
Image Generation,Reward Sharpness-Aware Fine-Tuning for Diffusion Models,https://openaccess.thecvf.com/content/CVPR2026/html/Kim_Reward_Sharpness-Aware_Fine-Tuning_for_Diffusion_Models_CVPR_2026_paper.html,"Reinforcement learning from human feedback (RLHF) has proven effective in aligning large language models with human preferences, inspiring the development of reward-centric diffusion reinforcement learning (RDRL) to achieve similar alignment and controllability. While diffusion models can generate high-quality outputs, RDRL remains susceptible to reward hacking, where the reward score increases wi"
Image Generation,Spatiotemporal Pyramid Flow Matching for Climate Emulation,https://openaccess.thecvf.com/content/CVPR2026/html/Irvin_Spatiotemporal_Pyramid_Flow_Matching_for_Climate_Emulation_CVPR_2026_paper.html,"Generative models have the potential to transform the way we emulate Earth’s changing climate. Previous generative approaches rely on weather-scale autoregression for climate emulation, but this is inherently slow for long climate horizons and has yet to demonstrate stable rollouts under nonstationary forcings. Here, we introduce Spatiotemporal Pyramid Flows (SPF), a new class of flow matching app"
Image Generation,COT-FM: Cluster-wise Optimal Transport Flow Matching,https://openaccess.thecvf.com/content/CVPR2026/html/Chiang_COT-FM_Cluster-wise_Optimal_Transport_Flow_Matching_CVPR_2026_paper.html,"We introduce COT-FM, a general framework that reshapes the probability path in Flow Matching (FM) to achieve faster and more reliable generation. FM models often produce curved trajectories due to random or batch-wise couplings, which increase discretization error and reduce sample quality. COT-FM fixes this by clustering target samples and assigning each cluster a dedicated source distribution ob"
Image Generation,"HumanNOVA: Photorealistic, Universal and Rapid 3D Human Avatar Modeling from a Single Image",https://openaccess.thecvf.com/content/CVPR2026/html/Hu_HumanNOVA_Photorealistic_Universal_and_Rapid_3D_Human_Avatar_Modeling_from_CVPR_2026_paper.html,"In this paper, we present HumanNOVA, a photorealistic, universal, and rapid model for generating 3D human avatars from a single RGB image. Achieving both photorealism and generalization is challenging due to the scarcity of diverse, high-quality 3D human data. To address this, we build a scalable data generation pipeline that follows two strategies. The first one is to leverage existing rigged ass"
Image Generation,Learning Straight Flows: Variational Flow Matching for Efficient Generation,https://openaccess.thecvf.com/content/CVPR2026/html/Ma_Learning_Straight_Flows_Variational_Flow_Matching_for_Efficient_Generation_CVPR_2026_paper.html,"Flow Matching has limited ability in achieving one-step generation due to its reliance on learned curved trajectories. Previous studies have attempted to address this limitation by either modifying the coupling distribution to prevent interpolant intersections or introducing consistency and mean-velocity modeling to promote straight trajectory learning. However, these approaches often suffer from "
Image Generation,Roots Beneath the Cut: Uncovering the Risk of Concept Recovery in Pruning-Based Unlearning for Diffusion Models,https://cvpr.thecvf.com/virtual/2026/poster/36240,"Pruning-based unlearning has recently emerged as a fast, training-free, and data-independent approach to remove undesired concepts from diffusion models. It promises high efficiency and robustness, offering an attractive alternative to traditional fine-tuning or editing-based unlearning. However, in this paper we uncover a hidden danger behind this promising paradigm. We find that the locations of"
Image Generation,Coupled Diffusion Sampling for Training-Free Multi-View Image Editing,https://openaccess.thecvf.com/content/CVPR2026/html/Alzayer_Coupled_Diffusion_Sampling_for_Training-Free_Multi-View_Image_Editing_CVPR_2026_paper.html,"Given a collection of multi-view images, we perform consistent multi-view editing with a training-free framework using pre-trained 2D editing models and a generative multi-view model.While 2D editing models can independently edit each image in a set of multi-view images of a 3D scene, they do not maintain consistency across views.Existing approaches typically rely on explicit 3D representations to"
Image Generation,MotionEdit: Benchmarking and Learning Motion-Centric Image Editing,https://openaccess.thecvf.com/content/CVPR2026/html/Wan_MotionEdit_Benchmarking_and_Learning_Motion-Centric_Image_Editing_CVPR_2026_paper.html,"We introduce **MotionEdit**, a novel dataset for motion-centric image editing—the task of modifying subject actions and interactions while preserving identity, structure, and physical plausibility.Unlike existing image editing datasets that focus on static appearance changes or contain only sparse, low-quality motion edits, MotionEdit provides high-fidelity image pairs depicting realistic motion t"
Image Generation,Event-Illumination Collaborative Low-light Image Enhancement with a High-resolution Real-world Dataset,https://openaccess.thecvf.com/content/CVPR2026/html/Xu_Event-Illumination_Collaborative_Low-light_Image_Enhancement_with_a_High-resolution_Real-world_Dataset_CVPR_2026_paper.html,"Event-based low-light image enhancement (LIE) methods mainly focus on incorporating high dynamic range (HDR) information from events while overlooking the essential global illumination in images and the inherent noise sensitivity of event signals in real-world scenarios. To address these issues, we propose EIC-LIE, an event-illumination collaborative LIE framework. Concretely, we first design an E"
Image Generation,A Difference-in-Difference Approach to Detecting AI-Generated Images,https://openaccess.thecvf.com/content/CVPR2026/html/Qi_A_Difference-in-Difference_Approach_to_Detecting_AI-Generated_Images_CVPR_2026_paper.html,"Diffusion models are able to produce AI-generated images that are almost indistinguishable from real ones, raising concerns about their potential misuse and posing substantial challenges for detecting them. Many existing detectors rely on reconstruction error — the difference between the input image and its reconstructed version — as the basis for distinguishing real from fake images. However, the"
Image Generation,DBMSolver: A Training-free Diffusion Bridge Sampler for High-Quality Image-to-Image Translation,https://openaccess.thecvf.com/content/CVPR2026/html/Venugopal_DBMSolver_A_Training-free_Diffusion_Bridge_Sampler_for_High-Quality_Image-to-Image_Translation_CVPR_2026_paper.html,"Diffusion-based image-to-image (I2I) translation excels in high-fidelity generation but suffers from slow sampling in state-of-the-art Diffusion Bridge Models (DBMs), often requiring dozens of function evaluations (NFEs). We introduce \textbf{DBMSolver}, a training-free sampler that exploits the semi-linear structure of DBM's underlying SDE and ODE via exponential integrators, yielding exact $1^\t"
Image Generation,OSPO: Object-Centric Self-Improving Preference Optimization for Text-to-Image Generation,https://openaccess.thecvf.com/content/CVPR2026/html/Oh_OSPO_Object-Centric_Self-Improving_Preference_Optimization_for_Text-to-Image_Generation_CVPR_2026_paper.html,"Recent advances in Multimodal Large Language Models (MLLMs) have enabled unified multimodal understanding and generation. However, they still struggle with fine-grained text–image alignment, often failing to faithfully depict objects with correct attributes such as color, shape, and spatial relations. To mitigate this issue, previous studies have explored preference optimization methods such as DP"
Image Generation,OrthoFuse: Training-free Riemannian Fusion of Orthogonal Style-Concept Adapters for Diffusion Models,https://openaccess.thecvf.com/content/CVPR2026/html/Aliev_OrthoFuse_Training-free_Riemannian_Fusion_of_Orthogonal_Style-Concept_Adapters_for_Diffusion_CVPR_2026_paper.html,"In a rapidly growing field of model training there is a constant practical interest in parameter-efficient model fine-tuning and various techniques that use a small amount of training data to adapt the model to a narrow task. Despite the efficiency of LoRA, one of the most popular fine-tuning methods nowadays, there is an open question: how to combine several adapters tuned for different tasks in "
Image Generation,SeeThrough3D: Occlusion Aware 3D Control in Text-to-Image Generation,https://openaccess.thecvf.com/content/CVPR2026/html/Agrawal_SeeThrough3D_Occlusion_Aware_3D_Control_in_Text-to-Image_Generation_CVPR_2026_paper.html,"We identify occlusion reasoning as a fundamental yet overlooked aspect for 3D layout–conditioned generation. It is essential for synthesizing partially occluded objects with depth-consistent geometry and scale. While existing methods can generate realistic scenes that follow input layouts, they often fail to model precise inter-object occlusions. We propose \textbf{SeeThrough3D}, a model for 3D la"
Image Generation,What Is It Like to Be a Noise? An Entropy-based Gaussian Noise Regularization for Diffusion Models,https://openaccess.thecvf.com/content/CVPR2026/html/Chang_What_Is_It_Like_to_Be_a_Noise_An_Entropy-based_CVPR_2026_paper.html,"Optimizing noise latents in diffusion models is powerful for controllable generation, reward-guided sampling, and latent inversion, but the process is notoriously unstable. Without a principled regularizer, optimized latents drift away from the Gaussian prior, collapsing out of the typical set and producing severe artifacts. Existing constraints like norm-matching or simple KL divergence losses ar"
Image Generation,"UniEdit-I: Training-free Image Editing for Unified VLM via Iterative Understanding, Editing and Verifying",https://openaccess.thecvf.com/content/CVPR2026/html/Bai_UniEdit-I_Training-free_Image_Editing_for_Unified_VLM_via_Iterative_Understanding_CVPR_2026_paper.html,"Recent advances in diffusion models and vision-language models (VLMs) have significantly enhanced the controllability of image editing. Methods like FlowEdit enable step-by-step editing along a visible, noise-free trajectory, where each intermediate result is a clear image, eliminating the need for full noise inversion. However, these approaches still operate in pixel space or VAE latent space, wh"
Image Generation,VOSR: A Vision-Only Generative Model for Image Super-Resolution,https://openaccess.thecvf.com/content/CVPR2026/html/Wu_VOSR_A_Vision-Only_Generative_Model_for_Image_Super-Resolution_CVPR_2026_paper.html,"Large-scale pre-trained text-to-image (T2I) diffusion models, such as Stable Diffusion, can be finetuned for image super-resolution (SR) with highly realistic details. While impressive, pre-training such multi-modal models demands billions of high-quality text-image pairs and substantial computational resources, despite that SR is fundamentally an image-to-image (I2I) task. This raises a critical "
Image Generation,Flash-DMD: Towards High-Fidelity Few-Step Image Generation with Efficient Distillation and Joint Reinforcement Learning,https://openaccess.thecvf.com/content/CVPR2026/html/Chen_Flash-DMD_Towards_High-Fidelity_Few-Step_Image_Generation_with_Efficient_Distillation_and_CVPR_2026_paper.html,"Diffusion Models have emerged as a leading class of generative models, yet their iterative sampling process remains computationally expensive. Timestep distillation is a promising technique to accelerate generation, but it often requires extensive training and leads to image quality degradation. Furthermore, fine-tuning these distilled models for specific objectives, such as aesthetic appeal or us"
Image Generation,Remote Sensing Image Super-Resolution for Imbalanced Textures: A Texture-Aware Diffusion Framework,https://openaccess.thecvf.com/content/CVPR2026/html/Zhang_Remote_Sensing_Image_Super-Resolution_for_Imbalanced_Textures_A_Texture-Aware_Diffusion_CVPR_2026_paper.html,"Generative diffusion priors have recently achieved state-of-the-art performance in Natural Image Super-Resolution, demonstrating a powerful capability to synthesize photorealistic details. However, their direct application to Remote Sensing Image Super-Resolution (RSISR) reveals significant shortcomings. Remote sensing images present a unique challenge: ground objects often exhibit globally stocha"
Image Generation,VisiLock: Authorizing Instruction-based Image editing with Dual Score Distillation,https://openaccess.thecvf.com/content/CVPR2026/html/Le_VisiLock_Authorizing_Instruction-based_Image_editing_with_Dual_Score_Distillation_CVPR_2026_paper.html,"While open-sourcing instruction-guided image editing models accelerates research, it surrenders control over their capabilities to anyone who downloads the weights.Existing protection methods are reactive: they verify ownership after generation, but the underlying model remains fully functional for unauthorized users.We introduce \textbf{Visilock}, where access control is baked into model weights,"
Image Generation,Sampling-Aware Quantization for Diffusion Models,https://openaccess.thecvf.com/content/CVPR2026/html/Zeng_Sampling-Aware_Quantization_for_Diffusion_Models_CVPR_2026_paper.html,"Diffusion models have recently emerged as the dominant approach in visual generation tasks. However, the lengthy denoising chains and the computationally intensive noise estimation networks hinder their applicability in low-latency and resource-limited environments. Previous research has endeavored to address these limitations in a decoupled manner, utilizing either advanced samplers or efficient "
Image Generation,GenColorBench: A Color Evaluation Benchmark for Text-to-Image Generation,https://openaccess.thecvf.com/content/CVPR2026/html/Butt_GenColorBench_A_Color_Evaluation_Benchmark_for_Text-to-Image_Generation_CVPR_2026_paper.html,"Recent years have seen impressive advances in text-to-image generation, with image generative or unified models, generating high-quality images from text. Yet these models still struggle with fine-grained color controllability, often failing to accurately match colors specified in text prompts. While existing benchmarks evaluate compositional reasoning and prompt adherence, none systematically ass"
Image Generation,Exploring Conditions for Diffusion Models in Robotic Control,https://openaccess.thecvf.com/content/CVPR2026/html/Shin_Exploring_Conditions_for_Diffusion_Models_in_Robotic_Control_CVPR_2026_paper.html,"While pre-trained visual representations have significantly advanced imitation learning, they are often task-agnostic as they remain frozen during policy learning. In this work, we explore leveraging pre-trained text-to-image diffusion models to obtain task-adaptive visual representations for robotic control, without fine-tuning the model itself. However, we find that naively applying textual cond"
Image Generation,FlashIn: Fast and Accurate Image Inversion for Real-time Image Editing,https://openaccess.thecvf.com/content/CVPR2026/html/Wang_FlashIn_Fast_and_Accurate_Image_Inversion_for_Real-time_Image_Editing_CVPR_2026_paper.html,"Given an image and a descriptive prompt, image inversion seeks to identify the initial noise that, when denoised, accurately reconstructs the original image. This is crucial for applications like image editing, which can be achieved by denoising the inverted noise with an edited prompt. Existing methods often rely on approximations. They often require many steps, leading to inaccuracies, slow proc"
Image Generation,PixelDiT: Pixel Diffusion Transformers for Image Generation,https://openaccess.thecvf.com/content/CVPR2026/html/Yu_PixelDiT_Pixel_Diffusion_Transformers_for_Image_Generation_CVPR_2026_paper.html,"Latent-space modeling has been the standard for Diffusion Transformers (DiTs). However, it relies on a two-stage pipeline where the pretrained autoencoder introduces lossy reconstruction, leading to error accumulation while hindering joint optimization. To address these issues, we propose PixelDiT, a single-stage, end-to-end model that eliminates the need for the autoencoder and learns the diffusi"
Image Generation,Bridging Fidelity-Reality with Controllable One-Step Diffusion for Image Super-Resolution,https://openaccess.thecvf.com/content/CVPR2026/html/Chen_Bridging_Fidelity-Reality_with_Controllable_One-Step_Diffusion_for_Image_Super-Resolution_CVPR_2026_paper.html,"Recent diffusion-based one-step methods have shown remarkable progress in the field of image super-resolution, yet they remain constrained by three critical limitations: (1) inferior fidelity performance caused by the information loss from compression encoding of low-quality (LQ) inputs; (2) insufficient region-discriminative activation of generative priors; (3) misalignment between text prompts a"
Image Generation,UltraFlux: Data-Model Co-Design for High-quality Native 4K Text-to-Image Generation across Diverse Aspect Ratios,https://openaccess.thecvf.com/content/CVPR2026/html/Ye_UltraFlux_Data-Model_Co-Design_for_High-quality_Native_4K_Text-to-Image_Generation_across_CVPR_2026_paper.html,"Diffusion transformers have recently delivered strong text-to-image generation around 1K resolution, but we show that extending them to native 4K  across diverse aspect ratios exposes a tightly coupled failure mode spanning positional encoding, VAE compression, and optimization. Tackling any of these factors in isolation leaves substantial quality on the table. We therefore take a data--model co-d"
Image Generation,Your Latent Mask is Wrong: Pixel-Equivalent Latent Compositing for Diffusion Models,https://openaccess.thecvf.com/content/CVPR2026/html/Bradbury_Your_Latent_Mask_is_Wrong_Pixel-Equivalent_Latent_Compositing_for_Diffusion_CVPR_2026_paper.html,"Linearly interpolating between VAE latents using a downsampled mask field remains a common heuristic for diffusion inpainting. However, this approach systematically violates a key principle: latent compositing must respect pixel equivalence; compositing latents must approximate compositing pixels. Because VAE latents capture global context rather than pixel-local structure, linear interpolation fa"
Image Generation,Anatomica: Localized Control over Geometric and Topological Properties for Anatomical Diffusion Models,https://openaccess.thecvf.com/content/CVPR2026/html/Kadry_Anatomica_Localized_Control_over_Geometric_and_Topological_Properties_for_Anatomical_CVPR_2026_paper.html,"We present an inference-time guidance framework for generating 3D multi-class anatomical voxel maps with localized geometric and topological control. During generation, we use cuboidal control domains of varying dimensionality, location, and shape to slice out relevant substructures. These local substructures are used to compute differentiable penalty functions that steer the sample towards target"
Image Generation,Self-Evaluation Unlocks Any-Step Text-to-Image Generation,https://openaccess.thecvf.com/content/CVPR2026/html/Yu_Self-Evaluation_Unlocks_Any-Step_Text-to-Image_Generation_CVPR_2026_paper.html,"We introduce the Self-Evaluating Model (Self-E), a novel, from-scratch training approach for text-to-image generation that supports any-step inference. Self-E learns from data similarly to a Flow Matching model, while simultaneously employing a novel self-evaluation mechanism: it evaluates its own generated samples using its current score estimates, effectively serving as a dynamic self-teacher. U"
Image Generation,SeaCache: Spectral-Evolution-Aware Cache for Accelerating Diffusion Models,https://openaccess.thecvf.com/content/CVPR2026/html/Chung_SeaCache_Spectral-Evolution-Aware_Cache_for_Accelerating_Diffusion_Models_CVPR_2026_paper.html,"Diffusion models are a strong backbone for visual generation, but their inherently sequential denoising process leads to slow inference. Previous methods accelerate sampling by caching and reusing intermediate outputs based on feature distances between adjacent timesteps. However, existing caching strategies typically rely on raw feature differences that entangle content and noise. This design ove"
Image Generation,SeaCache: Spectral-Evolution-Aware Cache for Accelerating Diffusion Models,https://openaccess.thecvf.com/content/CVPR2026/html/Chung_SeaCache_Spectral-Evolution-Aware_Cache_for_Accelerating_Diffusion_Models_CVPR_2026_paper.html,"Diffusion models are a strong backbone for visual generation, but their inherently sequential denoising process leads to slow inference. Previous methods accelerate sampling by caching and reusing intermediate outputs based on feature distances between adjacent timesteps. However, existing caching strategies typically rely on raw feature differences that entangle content and noise. This design ove"
Image Generation,SenCache: Accelerating Diffusion Model Inference via Sensitivity-Aware Caching,https://openaccess.thecvf.com/content/CVPR2026/html/Haghighi_SenCache_Accelerating_Diffusion_Model_Inference_via_Sensitivity-Aware_Caching_CVPR_2026_paper.html,"Diffusion models achieve state-of-the-art video generation but their many sequential denoising steps create a major computational bottleneck. Existing acceleration methods reuse cached model outputs at fixed timesteps chosen through heuristics, requiring heavy tuning and failing to adapt to each sample’s complexity. We address this with a principled, sensitivity-aware caching framework. We first f"
Image Generation,Frequency-Aware Flow Matching for High-Quality Image Generation,https://openaccess.thecvf.com/content/CVPR2026/html/Ren_Frequency-Aware_Flow_Matching_for_High-Quality_Image_Generation_CVPR_2026_paper.html,"Flow matching models have emerged as a powerful framework for realistic image generation by learning to reverse a corruption process that progressively adds Gaussian noise. However, because noise is injected in the latent domain, its impact on different frequency components is non-uniform. As a result, during inference, flow matching models tend to generate low-frequency components (global structu"
Image Generation,Flow Matching for Multimodal Distributions,https://openaccess.thecvf.com/content/CVPR2026/html/Luo_Flow_Matching_for_Multimodal_Distributions_CVPR_2026_paper.html,"Visual foundation models play an increasingly important role in the training efficiency of flow-based models by inducing structured latent space through alignments, distillations, adapters, and even replacements of visual encoders. When structured latent space improves training efficiency by lowering the complexity of the target (latent) distribution, the efficiency can be further boosted by a dat"
Image Generation,SliderEdit: Continuous Image Editing with Fine-Grained Instruction Control,https://openaccess.thecvf.com/content/CVPR2026/html/Zarei_SliderEdit_Continuous_Image_Editing_with_Fine-Grained_Instruction_Control_CVPR_2026_paper.html,"Instruction-based image editing models have recently achieved impressive performance, enabling complex edits to an input image from a multi-instruction prompt. However, these models apply each instruction in the prompt with a fixed strength, limiting the user’s ability to precisely and continuously control the intensity of individual edits.We introduce *SliderEdit*, a framework for continuous imag"
Image Generation,HalluGen: Synthesizing Realistic and Controllable Hallucinations for Evaluating Image Restoration,https://openaccess.thecvf.com/content/CVPR2026/html/Kim_HalluGen_Synthesizing_Realistic_and_Controllable_Hallucinations_for_Evaluating_Image_Restoration_CVPR_2026_paper.html,"Generative models are prone to hallucinations: plausible but incorrect structures absent in the ground truth. This issue is problematic in image restoration for safety-critical domains such as medical imaging, industrial inspection, and remote sensing, where such errors undermine reliability and trust. For example, in low-field MRI, widely used in resource-limited settings, restoration models are "
Image Generation,DRiffusion: Draft-and-Refine Process Parallelizes Diffusion Models with Ease,https://openaccess.thecvf.com/content/CVPR2026/html/Bai_DRiffusion_Draft-and-Refine_Process_Parallelizes_Diffusion_Models_with_Ease_CVPR_2026_paper.html,"Diffusion models have achieved remarkable success in generating high-fidelity content but suffer from slow, iterative sampling, resulting in high latency that limits their use in interactive applications. We introduce DRiffusion, a parallel sampling framework that parallelizes diffusion inference through a draft-and-refine process. DRiffusion employs skip connections to generate multiple draft sta"
Image Generation,ClusterMark: Towards Robust Watermarking for Autoregressive Image Generators with Visual Token Clustering,https://openaccess.thecvf.com/content/CVPR2026/html/Lukovnikov_ClusterMark_Towards_Robust_Watermarking_for_Autoregressive_Image_Generators_with_Visual_CVPR_2026_paper.html,"In-generation watermarking for latent diffusion models has recently shown high robustness for marking generated images for easier detection and attribution. However, its application to autoregressive (AR) image models is underexplored. Autoregressive models generate images by autoregressively predicting a sequence of visual tokens that are then decoded into pixels using a VQ-VAE decoder. Inspired "
Image Generation,Time-Aware One Step Diffusion Network for Real-World Image Super-Resolution,https://openaccess.thecvf.com/content/CVPR2026/html/Zhang_Time-Aware_One_Step_Diffusion_Network_for_Real-World_Image_Super-Resolution_CVPR_2026_paper.html,"Diffusion-based real-world image super-resolution (Real-ISR) methods have demonstrated impressive performance. To achieve efficient Real-ISR, many works employ Variational Score Distillation (VSD) to distill pre-trained stable-diffusion (SD) model for one-step SR with a fixed timestep. However, since SD will perform different generative priors at different timesteps, a fixed timestep is difficult "
Image Generation,NanoSD: Edge Efficient Foundation Model for Real Time Image Restoration,https://openaccess.thecvf.com/content/CVPR2026/html/Sanyal_NanoSD_Edge_Efficient_Foundation_Model_for_Real_Time_Image_Restoration_CVPR_2026_paper.html,"Latent diffusion models such as Stable Diffusion 1.5 offer strong generative priors that are highly valuable for image restoration, yet their full pipelines remain too computationally heavy for deployment on edge devices. Existing lightweight variants predominantly compress the denoising U-Net or reduce the diffusion trajectory, which disrupts the underlying latent manifold and limits generalizati"
Image Generation,BiFM: Bidirectional Flow Matching for Few-Step Image Editing and Generation,https://openaccess.thecvf.com/content/CVPR2026/html/Dai_BiFM_Bidirectional_Flow_Matching_for_Few-Step_Image_Editing_and_Generation_CVPR_2026_paper.html,"Recent diffusion and flow matching models have demonstrated strong capabilities in image generation and editing by progressively removing noise through iterative sampling. While this enables flexible inversion for semantic-preserving edits, few-step sampling regimes suffer from poor forward process approximation, leading to degraded editing quality. Existing few-step inversion methods often rely o"
Image Generation,Synthetic Curriculum Reinforces Compositional Text-to-Image Generation,https://openaccess.thecvf.com/content/CVPR2026/html/Wang_Synthetic_Curriculum_Reinforces_Compositional_Text-to-Image_Generation_CVPR_2026_paper.html,"Text-to-Image (T2I) generation has long been an open problem, with compositional synthesis remaining particularly challenging. This task requires accurate rendering of complex scenes containing multiple objects that exhibit diverse attributes as well as intricate spatial and semantic relationships, demanding both precise object placement and coherent inter-object interactions. In this paper, we pr"
Image Generation,When Anonymity Breaks: Identifying Models Behind Text-to-Image Leaderboards,https://openaccess.thecvf.com/content/CVPR2026/html/Naseh_When_Anonymity_Breaks_Identifying_Models_Behind_Text-to-Image_Leaderboards_CVPR_2026_paper.html,"Text-to-image (T2I) models are increasingly popular, producing a large share of AI-generated images online. To compare their quality, voting-based leaderboards have become the standard, relying on anonymized model outputs for fairness. In this work, we show that such anonymity can be easily broken. We find that generations from each T2I model form distinctive clusters in the image embedding space,"
Image Generation,RAISE: Requirement-Adaptive Evolutionary Refinement for Training-Free Text-to-Image Alignment,https://openaccess.thecvf.com/content/CVPR2026/html/Jiang_RAISE_Requirement-Adaptive_Evolutionary_Refinement_for_Training-Free_Text-to-Image_Alignment_CVPR_2026_paper.html,"Recent text-to-image (T2I) diffusion models achieve remarkable realism, yet faithful prompt–image alignment remains challenging, particularly for complex prompts with multiple objects, relations, and fine-grained attributes. Existing training-free inference-time scaling methods rely on fixed iteration budgets that cannot adapt to prompt difficulty, while reflection-tuned models require carefully c"
Image Generation,RDF-MIG: A Robust Diffusion Framework for Masked Image Generation to Augment Semantic Segmentation and Change Detection,https://openaccess.thecvf.com/content/CVPR2026/html/Cao_RDF-MIG_A_Robust_Diffusion_Framework_for_Masked_Image_Generation_to_CVPR_2026_paper.html,"Change detection and semantic segmentation are key techniques for satellite image analysis in remote sensing. However, acquiring high-quality labeled data is costly and time-consuming. Although recent studies have explored generative models to ease data scarcity, a unified framework supporting both tasks is still lacking, and most methods overlook noise accumulation and cannot generate multispectr"
Image Generation,Image Diffusion Preview with Consistency Solver,https://openaccess.thecvf.com/content/CVPR2026/html/Wang_Image_Diffusion_Preview_with_Consistency_Solver_CVPR_2026_paper.html,"The slow inference process of image diffusion models significantly degrades interactive user experiences. To address this, we introduce Diffusion Preview, a novel paradigm employing rapid, low-step sampling to generate preliminary outputs for user evaluation, deferring full-step refinement until the preview is deemed satisfactory. Existing acceleration methods, including training-free solvers and "
Image Generation,DMAligner: Enhancing Image Alignment via Diffusion Model Based View Synthesis,https://openaccess.thecvf.com/content/CVPR2026/html/Luo_DMAligner_Enhancing_Image_Alignment_via_Diffusion_Model_Based_View_Synthesis_CVPR_2026_paper.html,"Image alignment is a fundamental task in computer vision with broad applications. Existing methods predominantly employ optical flow-based image warping. However, this technique is susceptible to common challenges such as occlusions and illumination variations, leading to degraded alignment visual quality and compromised accuracy in downstream tasks. In this paper, we present DMAligner, a diffusio"
Image Generation,ProjFlow: Projection Sampling with Flow Matching for Zero‑Shot Exact Spatial Motion Control,https://cvpr.thecvf.com/virtual/2026/poster/39135,"Generating human motion with precise spatial control is a challenging problem. Existing approaches often require task-specific training or slow optimization, and enforcing hard constraints frequently disrupts motion naturalness. Building on the observation that many animation tasks can be formulated as a linear inverse problem, we introduce $\textbf{ProjFlow}$, a training-free sampler that achieve"
Image Generation,Curriculum Group Policy Optimization: Adaptive Sampling for Unleashing the Potential of Text-to-Image Generation,https://openaccess.thecvf.com/content/CVPR2026/html/Li_Curriculum_Group_Policy_Optimization_Adaptive_Sampling_for_Unleashing_the_Potential_CVPR_2026_paper.html,"Text-to-Image (T2I) generation technology has achieved remarkable progress in recent years. Concurrently, reinforcement learning methods, particularly those based on Group Relative Policy Optimization (GRPO), have attracted widespread attention and have been successfully applied to T2I tasks. However, the uniform sampling strategy commonly adopted during training often ignores the match between sa"
Image Generation,"Training-free, Perceptually Consistent Low-Resolution Previews with High-Resolution Image for Efficient Workflows of Diffusion Models",https://openaccess.thecvf.com/content/CVPR2026/html/Jeong_Training-free_Perceptually_Consistent_Low-Resolution_Previews_with_High-Resolution_Image_for_Efficient_CVPR_2026_paper.html,"Image generative models have become indispensable tools to yield exquisite high-resolution (HR) images for everyone, ranging from general users to professional designers. However, a desired outcome often requires generating a large number of HR images with different prompts and seeds, resulting in high computational cost for both users and service providers. Generating low-resolution (LR) images f"
Image Generation,OrionEdit: Bridging Reference and Source Images for Generalized Cross-Image Editing,https://openaccess.thecvf.com/content/CVPR2026/html/Jiang_OrionEdit_Bridging_Reference_and_Source_Images_for_Generalized_Cross-Image_Editing_CVPR_2026_paper.html,"Multimodal image synthesis has achieved remarkable progress in producing visually coherent results, yet most editing methods still rely on semantic instructions, which is less direct than using visual guidance.Recently, a new paradigm has emerged that focuses on ""editing one image from another"", enabling more direct and interpretable manipulation through reference exemplars. In this work, we forma"
Image Generation,Diffusion Probe: Generated Image Result Prediction Using CNN Probes,https://openaccess.thecvf.com/content/CVPR2026/html/Huang_Diffusion_Probe_Generated_Image_Result_Prediction_Using_CNN_Probes_CVPR_2026_paper.html,"Text-to-image (T2I) diffusion models currently lack an efficient mechanism for early quality assessment, forcing costly random trial-and-error in scenarios requiring multiple generations (e.g., iterating on prompts, agent-based image generation, flow-grpo). To address this, we first reveal a strong correlation between the attention distribution in the early diffusion process and the final image qu"
Image Generation,ObjectMorpher: 3D-Aware Image Editing via Deformable 3DGS,https://openaccess.thecvf.com/content/CVPR2026/html/Xie_ObjectMorpher_3D-Aware_Image_Editing_via_Deformable_3DGS_CVPR_2026_paper.html,"Achieving precise, object-level control in image editing remains challenging: 2D methods lack 3D awareness and often yield ambiguous or implausible results, while existing 3D-aware approaches rely on heavy optimization or incomplete monocular reconstructions. We present ObjectMorpher, a unified, interactive framework that converts ambiguous 2D edits into geometry-grounded operations. ObjectMorpher"
Image Generation,A Style is Worth One Code: Unlocking Code-to-Style Image Generation with Discrete Style Space,https://openaccess.thecvf.com/content/CVPR2026/html/Liu_A_Style_is_Worth_One_Code_Unlocking_Code-to-Style_Image_Generation_CVPR_2026_paper.html,"Innovative visual stylization is a cornerstone of artistic creation, yet generating novel and consistent visual styles remains a significant challenge. Existing generative approaches typically rely on lengthy textual prompts, reference images, or parameter-efficient fine-tuning to guide style-aware image generation, but often struggle with style consistency, limited creativity, and complex style r"
Image Generation,Pico-Banana-400K: A Large-Scale Dataset for Text-Guided Image Editing,https://openaccess.thecvf.com/content/CVPR2026/html/Qian_Pico-Banana-400K_A_Large-Scale_Dataset_for_Text-Guided_Image_Editing_CVPR_2026_paper.html,"Recent advances in multimodal models have demonstrated remarkable text-guided image editing capabilities, with systems like GPT-4o and Nano-Banana setting new benchmarks. However, the research community's progress remains constrained by the absence of large-scale, high-quality, and openly accessible datasets built from real images. We introduce Pico-Banana-400K, a comprehensive 400K-image dataset "
Image Generation,OctoT2I: A Self-Evolving Agentic Text-to-Image Router,https://openaccess.thecvf.com/content/CVPR2026/html/Jiang_OctoT2I_A_Self-Evolving_Agentic_Text-to-Image_Router_CVPR_2026_paper.html,"The explosive growth of Text-to-Image (T2I) models, from large-scale versions to lightweight, real-time ones, now faces diminishing marginal returns from single-model scaling. Agentic T2I methods emerged to alleviate this bottleneck by using multiple models. However, existing agentic T2I methods suffer from three key challenges: reliance on expensive handcrafted priors or human annotations, rigid "
Image Generation,InvAD: Inversion-based Reconstruction-Free Anomaly Detection with Diffusion Models,https://openaccess.thecvf.com/content/CVPR2026/html/Sakai_InvAD_Inversion-based_Reconstruction-Free_Anomaly_Detection_with_Diffusion_Models_CVPR_2026_paper.html,"Despite the remarkable success, recent reconstruction-based anomaly detection (AD) methods via diffusion modeling still involve fine-grained noise-strength tuning and computationally expensive multi-step denoising, leading to a fundamental tension between fidelity and efficiency. In this paper, we propose **InvAD**, a novel **Inv**ersion-based **A**nomaly **D**etection approach — “detection via no"
Image Generation,Delta Rectified Flow Sampling for Text-to-Image Editing,https://openaccess.thecvf.com/content/CVPR2026/html/Beaudouin_Delta_Rectified_Flow_Sampling_for_Text-to-Image_Editing_CVPR_2026_paper.html,"We propose Delta Rectified Flow Sampling (DRFS), a novel inversion-free, path-aware editing framework within rectified flow models for text-to-image editing. DRFS is a distillation-based method that explicitly models the discrepancy between the source and target velocity fields in order to mitigate over-smoothing artifacts rampant in prior distillation sampling approaches. We further introduce a t"
Image Generation,Forensic-Friendly Image Manipulation via Controllable Latent Diffusion,https://openaccess.thecvf.com/content/CVPR2026/html/Chen_Forensic-Friendly_Image_Manipulation_via_Controllable_Latent_Diffusion_CVPR_2026_paper.html,"With diffusion models demonstrating superior capabilities in image editing, more users now rely on online servers for content manipulation via textual prompts rather than traditional offline tools. Despite servers attempting to prevent the proliferation of maliciously edited content via active defense like watermarking, this approach is not conducive to passive detection by third-party forensics. "
Image Generation,Disentangling to Re-couple: Resolving the Similarity-Controllability Paradox in Subject-Driven Text-to-Image Generation,https://openaccess.thecvf.com/content/CVPR2026/html/Li_Disentangling_to_Re-couple_Resolving_the_Similarity-Controllability_Paradox_in_Subject-Driven_Text-to-Image_CVPR_2026_paper.html,"Subject-Driven Text-to-Image (T2I) Generation aims to preserve a subject's identity while editing its context based on a text prompt. A core challenge in this task is the ``similarity-controllability paradox'', where enhancing textual control often degrades the subject's fidelity, and vice-versa. We argue this paradox stems from the ambiguous role of text prompts, which are often tasked with descr"
Image Generation,RewardFlow: Generate Images by Optimizing What You Reward,https://openaccess.thecvf.com/content/CVPR2026/html/Susladkar_RewardFlow_Generate_Images_by_Optimizing_What_You_Reward_CVPR_2026_paper.html,"RewardFlow is a zero-shot, training-free framework for text-guided image editing and generation based on reward-guided Langevin dynamics. We steer pretrained diffusion and flow-matching models at inference time using a diverse set of differentiable rewards, and control their influence with a prompt-aware adaptive policy that parses the text instruction, infers edit intent, and dynamically adjusts "
Image Generation,It's Never Too Late: Noise Optimization for Collapse Recovery in Trained Diffusion Models,https://openaccess.thecvf.com/content/CVPR2026/html/Harrington_Its_Never_Too_Late_Noise_Optimization_for_Collapse_Recovery_in_CVPR_2026_paper.html,"Contemporary text-to-image models exhibit a surprising degree of mode collapse, as can be seen when sampling several images given the same text prompt. While previous work has attempted to address this issue by steering the model using guidance mechanisms, or by generating a large pool of candidates and refining them, in this work we take a different direction and optimize for variation in generat"
Image Generation,GROW: Watermark Generation with Progressive Guidance for Diffusion Models,https://openaccess.thecvf.com/content/CVPR2026/html/Luo_GROW_Watermark_Generation_with_Progressive_Guidance_for_Diffusion_Models_CVPR_2026_paper.html,"Digital watermarking is a cornerstone for copyright protection. With the rapid advancement of generative models like diffusion models, in-generation and training-free watermarking techniques have garnered more attention for their endogeneity and convenience. These methods typically embed a watermark into the initial noise, where watermark extraction relies on Denoising Diffusion Implicit Models (D"
Image Generation,Ani3DHuman: Photorealistic 3D Human Animation with Self-guided Stochastic Sampling,https://openaccess.thecvf.com/content/CVPR2026/html/Sun_Ani3DHuman_Photorealistic_3D_Human_Animation_with_Self-guided_Stochastic_Sampling_CVPR_2026_paper.html,"Current 3D human animation methods fail at photorealism: kinematics-based approaches lack non-rigid dynamics like clothing, while methods reconstructing from generated videos suffer from low-quality artifacts and identity loss. To overcome these limitations, we present Ani3DHuman, a framework that marries kinematics-based animation with video diffusion priors. We first introduce a layered motion r"
Image Generation,Beyond the Ground Truth: Enhanced Supervision for Image Restoration,https://openaccess.thecvf.com/content/CVPR2026/html/Ryou_Beyond_the_Ground_Truth_Enhanced_Supervision_for_Image_Restoration_CVPR_2026_paper.html,"Deep learning-based image restoration has achieved significant success. However, when addressing real-world degradations, model performance is limited by the quality of ground-truth images in datasets due to practical constraints in data acquisition. To address this limitation, we propose a novel framework that enhances existing ground truth images to provide higher-quality supervision for real-wo"
Image Generation,CARE-Edit: Condition-Aware Routing of Experts for Contextual Image Editing,https://openaccess.thecvf.com/content/CVPR2026/html/Wang_CARE-Edit_Condition-Aware_Routing_of_Experts_for_Contextual_Image_Editing_CVPR_2026_paper.html,"Unified diffusion editors often rely on a fixed, shared backbone for diverse tasks, suffering from task interference and poor adaptation to heterogeneous demands (e.g., local vs global, semantic vs photometric). In particular, prevalent ControlNet and OmniControl variants combine multiple conditioning signals (e.g., text, mask, reference) via static concatenation or additive adapters which cannot "
Image Generation,LESA: Learnable Stage-Aware Predictors for Diffusion Model Acceleration,https://openaccess.thecvf.com/content/CVPR2026/html/Cai_LESA_Learnable_Stage-Aware_Predictors_for_Diffusion_Model_Acceleration_CVPR_2026_paper.html,"Diffusion models have achieved remarkable success in image and video generation tasks. However, the high computational demands of Diffusion Transformers (DiTs) pose a significant challenge to their practical deployment. While feature caching is a promising acceleration strategy, existing methods based on simple reusing or training-free forecasting struggle to adapt to the complex, stage-dependent "
Image Generation,Reviving ConvNeXt for Efficient Convolutional Diffusion Models,https://openaccess.thecvf.com/content/CVPR2026/html/Kwon_Reviving_ConvNeXt_for_Efficient_Convolutional_Diffusion_Models_CVPR_2026_paper.html,"Recent diffusion models increasingly favor Transformer backbones, motivated by the remarkable scalability of fully attentional architectures.Yet the locality bias, parameter efficiency, and hardware friendliness—the attributes that established ConvNets as the efficient vision backbone—have seen limited exploration in modern generative modeling. Here we introduce the fully convolutional diffusion m"
Image Generation,TANGO: Learning Distribution-wise Foundation Prior Consistency and Instance-wise Style Calibration for Medical Image Generalization,https://openaccess.thecvf.com/content/CVPR2026/html/Liu_TANGO_Learning_Distribution-wise_Foundation_Prior_Consistency_and_Instance-wise_Style_Calibration_CVPR_2026_paper.html,"Test-time adaptation (TTA) has emerged as a promising solution to address real world domain shifts in medical image segmentation. Most current approaches adapt by updating or regularizing a pre-trained source model. However, they face two major issues: \textit{(i) the source models on which they rely are prone to overfitting under domain shift; (ii) in dynamic continual testing scenarios, error ac"
Image Generation,SliderEdit: Continuous Image Editing with Fine-Grained Instruction Control,https://openaccess.thecvf.com/content/CVPR2026/html/Zarei_SliderEdit_Continuous_Image_Editing_with_Fine-Grained_Instruction_Control_CVPR_2026_paper.html,"Instruction-based image editing models have recently achieved impressive performance, enabling complex edits to an input image from a multi-instruction prompt. However, these models apply each instruction in the prompt with a fixed strength, limiting the user’s ability to precisely and continuously control the intensity of individual edits.We introduce *SliderEdit*, a framework for continuous imag"
Image Generation,Differentiable Vector Quantization for Rate-Distortion Optimization of Generative Image Compression,https://openaccess.thecvf.com/content/CVPR2026/html/Jiang_Differentiable_Vector_Quantization_for_Rate-Distortion_Optimization_of_Generative_Image_Compression_CVPR_2026_paper.html,"The proliferation of visual data under tight storage and bandwidth budgets makes extremely low–bitrate generative image compression increasingly important. Vector quantization (VQ) is compelling in this regime because codebooks encode cross-channel correlations and dataset-level semantics, enabling perceptually faithful reconstructions when bits are scarce. We propose RDVQ, a vector-quantization ("
Image Generation,Towards Photorealistic and Efficient Bokeh Rendering via Diffusion Framework,https://openaccess.thecvf.com/content/CVPR2026/html/Shi_Towards_Photorealistic_and_Efficient_Bokeh_Rendering_via_Diffusion_Framework_CVPR_2026_paper.html,"Existing mobile devices are constrained by compact optical designs, such as small apertures, which make it difficult to produce natural, optically realistic bokeh effects. Although recent learning-based methods have shown promising results, they still struggle with photos captured under high digital zoom levels, which often suffer from reduced resolution and loss of fine details. A naive solution "
Image Generation,Towards Photorealistic and Efficient Bokeh Rendering via Diffusion Framework,https://openaccess.thecvf.com/content/CVPR2026/html/Shi_Towards_Photorealistic_and_Efficient_Bokeh_Rendering_via_Diffusion_Framework_CVPR_2026_paper.html,"Existing mobile devices are constrained by compact optical designs, such as small apertures, which make it difficult to produce natural, optically realistic bokeh effects. Although recent learning-based methods have shown promising results, they still struggle with photos captured under high digital zoom levels, which often suffer from reduced resolution and loss of fine details. A naive solution "
Image Generation,Masked Region Transformer for Layered Image Generation and Editing at Scale,https://openaccess.thecvf.com/content/CVPR2026/html/Tang_Masked_Region_Transformer_for_Layered_Image_Generation_and_Editing_at_CVPR_2026_paper.html,"Layered image generation and editing is a fundamental capability that enables layer-wise reuse, editing, and composition of the generated visual content, analogous to word-level editing in natural language. Despite its importance, this remains an underexplored area at scale. To address this gap, we present the Masked Region Transformer, a 20B-parameter diffusion model tailored for multi-layer tran"
Image Generation,"Denoising, Fast and Slow: Difficulty-Aware Adaptive Sampling for Image Generation",https://openaccess.thecvf.com/content/CVPR2026/html/Schusterbauer_Denoising_Fast_and_Slow_Difficulty-Aware_Adaptive_Sampling_for_Image_Generation_CVPR_2026_paper.html,"Diffusion and flow-based models typically allocate compute uniformly across space, updating every patch with the same noise level and number of steps. However, images are highly heterogeneous and not all regions are equally difficult to denoise. We introduce Patch Forcing (PF), a framework that dynamically allocates compute to regions that require more refinement than others. Using an additional h"
Image Generation,OPRO: Orthogonal Panel-Relative Operators for Panel-Aware In-Context Image Generation,https://openaccess.thecvf.com/content/CVPR2026/html/Lee_OPRO_Orthogonal_Panel-Relative_Operators_for_Panel-Aware_In-Context_Image_Generation_CVPR_2026_paper.html,"We introduce the Orthogonal Panel-Relative Operator (OPRO), a novel parameter-efficient adaptation method for tiled-panel In-Context Generation (ICG) that utilizes the pre-trained Diffusion Transformers (DiTs). OPRO works by composing learnable, panel-specific orthogonal operators onto the backbone's frozen positional encodings. This design provides two properties: 1) Isometry, which maintains fea"
Image Generation,A Style is Worth One Code: Unlocking Code-to-Style Image Generation with Discrete Style Space,https://openaccess.thecvf.com/content/CVPR2026/html/Liu_A_Style_is_Worth_One_Code_Unlocking_Code-to-Style_Image_Generation_CVPR_2026_paper.html,"Innovative visual stylization is a cornerstone of artistic creation, yet generating novel and consistent visual styles remains a significant challenge. Existing generative approaches typically rely on lengthy textual prompts, reference images, or parameter-efficient fine-tuning to guide style-aware image generation, but often struggle with style consistency, limited creativity, and complex style r"
Image Generation,SmokeSVD: Smoke Reconstruction from A Single View via Progressive Novel View Synthesis and Refinement with Diffusion Models,https://openaccess.thecvf.com/content/CVPR2026/html/Li_SmokeSVD_Smoke_Reconstruction_from_A_Single_View_via_Progressive_Novel_CVPR_2026_paper.html,"Reconstructing dynamic fluids from sparse views is a long-standing and challenging problem, due to the severe lack of 3D information from insufficient view coverage. While several pioneering approaches have attempted to address this issue using differentiable rendering or novel view synthesis, they are often limited by time-consuming optimization under ill-posed conditions. We propose SmokeSVD, an"
Image Generation,Guiding a Diffusion Model by Swapping Its Tokens,https://openaccess.thecvf.com/content/CVPR2026/html/Zhang_Guiding_a_Diffusion_Model_by_Swapping_Its_Tokens_CVPR_2026_paper.html,"Classifier-Free Guidance (CFG) is a widely used inference-time technique to boost the image quality of diffusion models. Yet, its reliance on text conditions prevents its use in unconditional generation. We propose a simple method to enable CFG-like guidance for both conditional and unconditional generation. The key idea is to generate a perturbed prediction via simple token swap operations, and u"
Image Generation,PixelDiT: Pixel Diffusion Transformers for Image Generation,https://openaccess.thecvf.com/content/CVPR2026/html/Yu_PixelDiT_Pixel_Diffusion_Transformers_for_Image_Generation_CVPR_2026_paper.html,"Latent-space modeling has been the standard for Diffusion Transformers (DiTs). However, it relies on a two-stage pipeline where the pretrained autoencoder introduces lossy reconstruction, leading to error accumulation while hindering joint optimization. To address these issues, we propose PixelDiT, a single-stage, end-to-end model that eliminates the need for the autoencoder and learns the diffusi"
Image Generation,Streaming Diffusion Model for Fast Infrared and Visible Video Fusion,https://openaccess.thecvf.com/content/CVPR2026/html/Liu_Streaming_Diffusion_Model_for_Fast_Infrared_and_Visible_Video_Fusion_CVPR_2026_paper.html,"Infrared and visible video fusion is pivotal for robust perceptual systems, aiming to synthesize a comprehensive video stream that leverages both thermal resilience and textured details. However, prevailing methods, by treating video as independent frames, inherently introduce temporal incoherence, such as flickering and ghosting artifacts. While diffusion models possess strong generative priors t"
Image Generation,ChordEdit: One-Step Low-Energy Transport for Image Editing,https://openaccess.thecvf.com/content/CVPR2026/html/Lu_ChordEdit_One-Step_Low-Energy_Transport_for_Image_Editing_CVPR_2026_paper.html,"The advent of one-step text-to-image (T2I) models offers unprecedented synthesis speed. However, their application to text-guided image editing remains severely hampered, as forcing existing training-free editors into a single inference step fails. This failure manifests as severe object distortion and a critical loss of consistency in non-edited regions, resulting from the high-energy, erratic tr"
Image Generation,Differentiable Vector Quantization for Rate-Distortion Optimization of Generative Image Compression,https://openaccess.thecvf.com/content/CVPR2026/html/Jiang_Differentiable_Vector_Quantization_for_Rate-Distortion_Optimization_of_Generative_Image_Compression_CVPR_2026_paper.html,"The proliferation of visual data under tight storage and bandwidth budgets makes extremely low–bitrate generative image compression increasingly important. Vector quantization (VQ) is compelling in this regime because codebooks encode cross-channel correlations and dataset-level semantics, enabling perceptually faithful reconstructions when bits are scarce. We propose RDVQ, a vector-quantization ("
Image Generation,Optical Flow Matching: Reframing Optical Flow as Continuous Transport Dynamics,https://openaccess.thecvf.com/content/CVPR2026/html/Luo_Optical_Flow_Matching_Reframing_Optical_Flow_as_Continuous_Transport_Dynamics_CVPR_2026_paper.html,"Modern optical flow estimation, though empowered by deep neural architectures, remains rooted in the discrete correspondence paradigm inherited from classical vision. Most networks infer frame-to-frame displacements or correlation volumes, capturing where pixels move but not how motion evolves continuously through time. Yet physical motion in the real world follows smooth dynamics governed by unde"
Image Generation,MultiBanana: A Challenging Benchmark for Multi-Reference Text-to-Image Generation,https://openaccess.thecvf.com/content/CVPR2026/html/Oshima_MultiBanana_A_Challenging_Benchmark_for_Multi-Reference_Text-to-Image_Generation_CVPR_2026_paper.html,"Recent text-to-image generation models have acquired the ability of multi-reference generation and editing; the ability to inherit the appearance of subjects from multiple reference images and re-render them under new contexts.However, the existing benchmark datasets often focus on the generation with single or a few reference images, which prevents us from measuring the progress on how model perf"
Image Generation,ImageRAGTurbo: Towards One-step Text-to-Image Generation with Retrieval-Augmented Diffusion Models,https://openaccess.thecvf.com/content/CVPR2026/html/Qiu_ImageRAGTurbo_Towards_One-step_Text-to-Image_Generation_with_Retrieval-Augmented_Diffusion_Models_CVPR_2026_paper.html,"Diffusion models have emerged as the leading approach for text-to-image generation. However, their iterative sampling process, which gradually morphs random noise into coherent images, introduces significant latency that limits their applicability. While recent few-step diffusion models reduce the number of sampling steps to as few as one to four steps, they often compromise image quality and prom"
Image Generation,SpatialReward: Verifiable Spatial Reward Modeling for Fine-Grained Spatial Consistency in Text-to-Image Generation,https://openaccess.thecvf.com/content/CVPR2026/html/Zhou_SpatialReward_Verifiable_Spatial_Reward_Modeling_for_Fine-Grained_Spatial_Consistency_in_CVPR_2026_paper.html,"Recent advances in text-to-image (T2I) generation via reinforcement learning (RL) have benefited from reward models that assess semantic alignment and visual quality. However, most existing reward models pay limited attention to fine-grained spatial relationships, often producing images that appear plausible overall yet contain inaccuracies in object positioning. In this work, we present SpatialRe"
Image Generation,GeniNav: Generative Model Driven Image-Goal Navigation via Imagination-Guided Consistency Flow Matching,https://openaccess.thecvf.com/content/CVPR2026/html/Chen_GeniNav_Generative_Model_Driven_Image-Goal_Navigation_via_Imagination-Guided_Consistency_Flow_CVPR_2026_paper.html,"Image-goal navigation driven by generative models has recently shown strong potential owing to their ability to perform multi-modal reasoning and stable learning in continuous control spaces.Despite their promise, current methods still face several fundamental limitations.Many rely on pre-built priors and lack explicit mechanisms for trajectory evaluation, restricting generalization and goal align"
Image Generation,Omni IIE Bench: Benchmarking the Practical Capabilities of Image Editing Models,https://openaccess.thecvf.com/content/CVPR2026/html/Yang_Omni_IIE_Bench_Benchmarking_the_Practical_Capabilities_of_Image_Editing_CVPR_2026_paper.html,"While Instruction-based Image Editing (IIE) has achieved significant progress, existing benchmarks pursue task breadth via mixed evaluations. This paradigm obscures a critical failure mode crucial in professional applications: the inconsistent performance of models across tasks of varying semantic scales. To address this gap, we introduce Omni IIE Bench, a high-quality, human-annotated benchmark s"
Image Generation,CompBench: Benchmarking Complex Instruction-guided Image Editing,https://openaccess.thecvf.com/content/CVPR2026/html/Jia_CompBench_Benchmarking_Complex_Instruction-guided_Image_Editing_CVPR_2026_paper.html,"While real-world applications increasingly demand intricate scene manipulation, existing instruction-guided image editing benchmarks often oversimplify task complexity and lack comprehensive, fine-grained instructions. To bridge this gap, we introduce CompBench, a large-scale benchmark specifically designed for complex instruction-guided image editing. CompBench features challenging editing scenar"
Image Generation,CogniEdit: Dense Gradient Flow Optimization for Fine-Grained Image Editing,https://openaccess.thecvf.com/content/CVPR2026/html/Li_CogniEdit_Dense_Gradient_Flow_Optimization_for_Fine-Grained_Image_Editing_CVPR_2026_paper.html,"Instruction-based image editing with diffusion models has achieved impressive results, yet existing methods struggle with fine-grained instructions specifying precise attributes such as colors, positions, and quantities. While recent approaches employ Group Relative Policy Optimization (GRPO) for alignment, they optimize only at individual sampling steps, providing sparse feedback that limits traj"
Image Generation,Retrieve-to-Restore: Efficient All-in-One Image Restoration with a Retrieval-Based Degradation Bank,https://openaccess.thecvf.com/content/CVPR2026/html/Wang_Retrieve-to-Restore_Efficient_All-in-One_Image_Restoration_with_a_Retrieval-Based_Degradation_Bank_CVPR_2026_paper.html,"All-in-one image restoration aims to recover clean images from heterogeneous degradations with a single model, but joint training on multiple degradations with a shared backbone often induces cross-task interference and unstable optimization, making it hard to maintain strong performance across all tasks. To address this, we propose Retrieve-to-Restore (R2R), a lightweight framework that decouples"
Image Generation,ZeroIDIR: Zero-Reference Illumination Degradation Image Restoration with Perturbed Consistency Diffusion Models,https://openaccess.thecvf.com/content/CVPR2026/html/Jiang_ZeroIDIR_Zero-Reference_Illumination_Degradation_Image_Restoration_with_Perturbed_Consistency_Diffusion_CVPR_2026_paper.html,"In this paper, we propose a zero-reference diffusion-based framework, named ZeroIDIR, for illumination degradation image restoration, which decouples the restoration process into adaptive illumination correction and diffusion-based reconstruction while being trained solely on low-quality degraded images. Specifically, we design an adaptive gamma correction module that performs spatially varying ex"
Image Generation,Towards Human-Imperceptible Backdoor Attacks on Text-to-Image Diffusion Models,https://openaccess.thecvf.com/content/CVPR2026/html/Wu_Towards_Human-Imperceptible_Backdoor_Attacks_on_Text-to-Image_Diffusion_Models_CVPR_2026_paper.html,"Deep learning models are well known to be susceptible to backdoor attacks, and text-to-image generation models are no exception. When a specific trigger is embedded in the input, a backdoored model can be manipulated to perform attacker-defined malicious behaviors, such as generating harmful or inappropriate images. Existing backdoor attacks on text-to-image generation models are largely limited t"
Image Generation,DiverseGRPO: Mitigating Mode Collapse in Image Generation via Diversity-Aware GRPO,https://openaccess.thecvf.com/content/CVPR2026/html/Liu_DiverseGRPO_Mitigating_Mode_Collapse_in_Image_Generation_via_Diversity-Aware_GRPO_CVPR_2026_paper.html,"Reinforcement learning (RL), particularly GRPO, improves image generation quality significantly by comparing the relative performance of images generated within the same group. However, in the later stages of training, the model tends to produce homogenized outputs, lacking creativity and visual diversity, restricting the application scenarios of the model.This issue can be analyzed from both rewa"
Image Generation,The Consistency Critic: Correcting Inconsistencies in Generated Images via Reference-Guided Attentive Alignment,https://openaccess.thecvf.com/content/CVPR2026/html/Ouyang_The_Consistency_Critic_Correcting_Inconsistencies_in_Generated_Images_via_Reference-Guided_CVPR_2026_paper.html,"Previous works have explored various customized generation tasks given a reference image, but they still face limitations in generating consistent fine-grained details. In this paper, our aim is to solve the inconsistency problem of generated images by applying a reference-guided post-editing approach and present our ImageCritic. We first construct a dataset of reference-degraded-target triplets o"
Image Generation,GDPO-SR: Group Direct Preference Optimization for One-Step Generative Image Super-Resolution,https://openaccess.thecvf.com/content/CVPR2026/html/Yi_GDPO-SR_Group_Direct_Preference_Optimization_for_One-Step_Generative_Image_Super-Resolution_CVPR_2026_paper.html,"Recently, reinforcement learning (RL) has been employed for improving generative image super-resolution (ISR) performance. However, the current efforts are focused on multi-step generative ISR, while one-step generative ISR remains underexplored due to its limited stochasticity. In addition, RL methods such as Direct Preference Optimization (DPO) require the generation of positive and negative sam"
Image Generation,Correspondence-Attention Alignment for Multi-View Diffusion Models,https://openaccess.thecvf.com/content/CVPR2026/html/Kwon_Correspondence-Attention_Alignment_for_Multi-View_Diffusion_Models_CVPR_2026_paper.html,"Multi-view diffusion models have recently emerged as a powerful paradigm for novel view synthesis, yet the underlying mechanism that enables their view consistency remains unclear. In this work, we first verify that the attention maps of these models acquire geometric correspondence throughout training, attending to the geometrically corresponding regions across reference and target views for view"
Image Generation,GenErase: Generalizable and Semantically-Aware Concept Erasure in Diffusion Models,https://openaccess.thecvf.com/content/CVPR2026/html/Vardhana_GenErase_Generalizable_and_Semantically-Aware_Concept_Erasure_in_Diffusion_Models_CVPR_2026_paper.html,"Text-to-Image (T2I) diffusion models power modern creative tools, but their open-ended generative nature raises safety, ethical, and copyright concerns. Retraining or fine-tuning to remove every unsafe or copyrighted concept is impractical, motivating training-free interventions that suppress specific semantics while preserving general visual quality. Existing guard-railing methods face a core tra"
Image Generation,ConceptPrism: Concept Disentanglement in Personalized Diffusion Models via Residual Token Optimization,https://openaccess.thecvf.com/content/CVPR2026/html/Kim_ConceptPrism_Concept_Disentanglement_in_Personalized_Diffusion_Models_via_Residual_Token_CVPR_2026_paper.html,"Personalized text-to-image generation suffers from concept entanglement, where irrelevant residual information from reference images is captured, leading to a trade-off between concept fidelity and text alignment. Recent disentanglement approaches attempt to solve this utilizing manual guidance, such as linguistic cues or segmentation masks, which limits their applicability and fails to fully arti"
Image Generation,A Debiased Reconstruction-based Framework for Training-Free Detection of AI-Generated Images,https://openaccess.thecvf.com/content/CVPR2026/html/Choi_A_Debiased_Reconstruction-based_Framework_for_Training-Free_Detection_of_AI-Generated_Images_CVPR_2026_paper.html,"As recent AI models have successfully generated high-resolution photorealistic images, it has also been socially important to detect whether an image is generated by AI. Since training data for the detection task is often not available due to the diversity of generative models, training-free detection approaches have been practically considered. A common approach is to utilize the image-level reco"
Image Generation,GuideFlow: Constraint-Guided Flow Matching for Planning in End-to-End Autonomous Driving,https://openaccess.thecvf.com/content/CVPR2026/html/Liu_GuideFlow_Constraint-Guided_Flow_Matching_for_Planning_in_End-to-End_Autonomous_Driving_CVPR_2026_paper.html,"Driving planning is a critical component of end-to-end (E2E) autonomous driving. However, prevailing Imitative E2E Planners often suffer from multimodal trajectory mode collapse, failing to produce diverse trajectory proposals. Meanwhile, Generative E2E Planners struggle to incorporate crucial safety and physical constraints directly into the generative process, necessitating an additional optimiz"
Image Generation,SAIDO: Generalizable Detection of AI-Generated Images via Scene-Aware and Importance-Guided Dynamic Optimization in Continual Learning,https://openaccess.thecvf.com/content/CVPR2026/html/Hu_SAIDO_Generalizable_Detection_of_AI-Generated_Images_via_Scene-Aware_and_Importance-Guided_CVPR_2026_paper.html,"The widespread misuse of image generation technologies has raised security concerns, driving the development of AI-generated image detection methods. However, generalization has become a key challenge and open problem: existing approaches struggle to adapt to emerging generative methods and content types in real-world scenarios. To address this issue, we propose a Scene-Aware and Importance-Guided"
Image Generation,Reflection Separation from a Single Image via Joint Latent Diffusion,https://openaccess.thecvf.com/content/CVPR2026/html/Huang_Reflection_Separation_from_a_Single_Image_via_Joint_Latent_Diffusion_CVPR_2026_paper.html,"Single-image reflection separation remains challenging due to its ill-posed nature, especially under extreme conditions with strong or subtle reflections. Existing methods often struggle to recover both layers in glare or weak-reflection scenarios, because of insufficient information. This paper presents the first diffusion model explicitly fine-tuned for this task, leveraging generative diffusion"
Image Generation,Multi-Scale Local Speculative Decoding for Image Generation,https://openaccess.thecvf.com/content/CVPR2026/html/Peruzzo_Multi-Scale_Local_Speculative_Decoding_for_Image_Generation_CVPR_2026_paper.html,"Autoregressive (AR) models have achieved remarkable success in image synthesis, yet their sequential nature imposes significant latency constraints. Speculative Decoding offers a promising avenue for acceleration, but existing approaches are limited by token-level ambiguity and lack of spatial awareness. In this work, we introduce Multi-Scale Local Speculative Decoding (MuLo-SD), a novel framework"
Image Generation,"LIFT and PLACE: A Simple, Stable, and Effective Knowledge Distillation Framework for Lightweight Diffusion Models",https://openaccess.thecvf.com/content/CVPR2026/html/Han_LIFT_and_PLACE_A_Simple_Stable_and_Effective_Knowledge_Distillation_CVPR_2026_paper.html,"We demonstrate that in knowledge distillation for diffusion models, the teacher network’s highly complex denoising process—stemming from its substantially larger capacity—poses a significant challenge for the student model to faithfully mimic. To address this problem, we propose a coarse-to-fine distillation framework with LInear FiTting-based distillation (LIFT) and Piecewise Local Adaptive Coeff"
Image Generation,WaDi: Weight Direction-aware Distillation for One-step Image Synthesis,https://openaccess.thecvf.com/content/CVPR2026/html/Wang_WaDi_Weight_Direction-aware_Distillation_for_One-step_Image_Synthesis_CVPR_2026_paper.html,"Despite the impressive performance of diffusion models such as Stable Diffusion (SD) in image generation, their slow inference limits practical deployment. Recent works accelerate inference by distilling multi-step diffusion into one-step generators. To better understand the distillation mechanism, we analyze U-Net/DiT weight changes between one-step students and their multi-step teacher counterpa"
Image Generation,MaskFocus: Focusing Policy Optimization on Critical Steps for Masked Image Generation,https://openaccess.thecvf.com/content/CVPR2026/html/Zhang_MaskFocus_Focusing_Policy_Optimization_on_Critical_Steps_for_Masked_Image_CVPR_2026_paper.html,"Reinforcement learning (RL) has demonstrated significant potential for post-training language models and autoregressive visual generative models, but adapting RL to masked generative models remains challenging.The core factor is that policy optimization requires accounting for the probability likelihood of each step due to its multi-step and iterative refinement process. This reliance on entire sa"
Image Generation,GRPO-Guard: Mitigating Implicit Over-Optimization in Flow Matching via Regulated Clipping,https://openaccess.thecvf.com/content/CVPR2026/html/Wang_GRPO-Guard_Mitigating_Implicit_Over-Optimization_in_Flow_Matching_via_Regulated_Clipping_CVPR_2026_paper.html,"Recently, GRPO-based reinforcement learning has shown remarkable progress in optimizing flow-matching models, effectively improving their alignment with task-specific rewards. Within these frameworks, the policy update relies on importance-ratio clipping to constrain overconfident positive and negative gradients. However, in practice, we observe a systematic shift in the importance-ratio distribut"
Image Generation,The Drift Kernel: Why Diffusion Models Change Even When Told Not To,https://openaccess.thecvf.com/content/CVPR2026/html/Ram_The_Drift_Kernel_Why_Diffusion_Models_Change_Even_When_Told_CVPR_2026_paper.html,"Even when told to “do nothing,” modern diffusion models subtly alter their output relative to the input they are supposed to preserve. We call this effect **No-Op Drift**. We introduce the **Drift Kernel**$$K_M(\sigma)=\mathbb{E}[|I' - I_0|_2^2 \mid \sigma],$$the expected perceptual deviation induced when running a diffusion model at noise strength $\sigma$ under a null instruction. Using 120{,}00"
Image Generation,The Image as Its Own Reward: Reinforcement Learning with Adversarial Reward for Image Generation,https://openaccess.thecvf.com/content/CVPR2026/html/Mao_The_Image_as_Its_Own_Reward_Reinforcement_Learning_with_Adversarial_CVPR_2026_paper.html,"A reliable reward function is essential for reinforcement learning (RL) in image generation. Most current RL approaches depend on pre-trained preference models that output scalar rewards to approximate human preferences. However, these rewards often fail to capture human perception and are vulnerable to reward hacking, where higher scores do not correspond to better images. To address this, we int"
Image Generation,FlowFM: Advancing Dark Optical Flow Estimation with Flow Matching,https://openaccess.thecvf.com/content/CVPR2026/html/Zuo_FlowFM_Advancing_Dark_Optical_Flow_Estimation_with_Flow_Matching_CVPR_2026_paper.html,"Dark optical flow estimation (DOFE) faces critical challenges: discriminative models are less robust to noise and struggle with weakened motion patterns, while diffusion models suffer from discontinuous flow fields and low efficiency. Flow matching (FM), though efficient, remains underexplored for conditional generation in DOFE. In this paper, we propose FlowFM, the first flow matching model tailo"
Image Generation,SmokeSVD: Smoke Reconstruction from A Single View via Progressive Novel View Synthesis and Refinement with Diffusion Models,https://openaccess.thecvf.com/content/CVPR2026/html/Li_SmokeSVD_Smoke_Reconstruction_from_A_Single_View_via_Progressive_Novel_CVPR_2026_paper.html,"Reconstructing dynamic fluids from sparse views is a long-standing and challenging problem, due to the severe lack of 3D information from insufficient view coverage. While several pioneering approaches have attempted to address this issue using differentiable rendering or novel view synthesis, they are often limited by time-consuming optimization under ill-posed conditions. We propose SmokeSVD, an"
Image Generation,PureCC: Pure Learning for Text-to-Image Concept Customization,https://openaccess.thecvf.com/content/CVPR2026/html/Liao_PureCC_Pure_Learning_for_Text-to-Image_Concept_Customization_CVPR_2026_paper.html,"Existing concept customization methods have achieved remarkable outcomes in high-fidelity and multi-concept customization.However, they often neglect the influence on the original model's behavior and capabilities when learning new personalized concepts.To address this issue, we propose PureCC. PureCC novelly introduces a decoupled learning objective for concept customization, which combines the i"
Image Generation,Scone: Bridging Composition and Distinction in Subject-Driven Image Generation via Unified Understanding-Generation Modeling,https://openaccess.thecvf.com/content/CVPR2026/html/Wang_Scone_Bridging_Composition_and_Distinction_in_Subject-Driven_Image_Generation_via_CVPR_2026_paper.html,"Subject-driven image generation has advanced from single- to multi-subject composition, while neglecting distinction, the ability to identify and generate the correct subject when inputs contain multiple candidates. This limitation restricts effectiveness in realistic and complex visual settings. We propose Scone, a unified understanding-generation framework that integrates composition and distinc"
Image Generation,PROMPTMINER: Black-Box Prompt Stealing against Text-to-Image Generative Models via Reinforcement Learning and VLM-Guided Optimization,https://openaccess.thecvf.com/content/CVPR2026/html/Li_PROMPTMINER_Black-Box_Prompt_Stealing_against_Text-to-Image_Generative_Models_via_Reinforcement_CVPR_2026_paper.html,"Text-to-image (T2I) generative models such as Stable Diffusion and FLUX can synthesize realistic, high-quality images directly from textual prompts. The resulting image quality depends critically on well-crafted prompts that specify both subjects and stylistic modifiers, which have become valuable digital assets. However, the rising value and ubiquity of high-quality prompts expose them to securit"
Image Generation,MICON-Bench: Benchmarking and Enhancing Multi-Image Context Image Generation in Unified Multimodal Models,https://openaccess.thecvf.com/content/CVPR2026/html/Wu_MICON-Bench_Benchmarking_and_Enhancing_Multi-Image_Context_Image_Generation_in_Unified_CVPR_2026_paper.html,"Recent advancements in Unified Multimodal Models (UMMs) have enabled remarkable image understanding and generation capabilities. However, while models like Gemini-2.5-Flash-Image show emerging abilities to reason over multiple related images, existing benchmarks rarely address the challenges of multi-image context generation, focusing mainly on text-to-image or single-image editing tasks. In this "
Image Generation,The Devil is in Attention Sharing: Improving Complex Non-rigid Image Editing Faithfulness via Attention Synergy,https://openaccess.thecvf.com/content/CVPR2026/html/Chen_The_Devil_is_in_Attention_Sharing_Improving_Complex_Non-rigid_Image_CVPR_2026_paper.html,"Training-free image editing with large diffusion models has become practical, yet faithfully performing complex non-rigid edits (e.g., pose or shape changes) remains highly challenging. We identify a key underlying cause: attention collapse in existing attention sharing mechanisms, where either positional embeddings or semantic features dominate visual content retrieval, leading to over-editing or"
Image Generation,Residual Diffusion Bridge Model for Image Restoration,https://openaccess.thecvf.com/content/CVPR2026/html/Wang_Residual_Diffusion_Bridge_Model_for_Image_Restoration_CVPR_2026_paper.html,"Diffusion bridge models establish probabilistic paths between arbitrary paired distributions and exhibit great potential for universal image restoration. Most existing methods merely treat them as simple variants of stochastic interpolants, lacking a unified analytical perspective. Besides, they indiscriminately reconstruct images through global noise injection and removal, inevitably distorting u"
Image Generation,MMDIR: Multimodal Instruction-Driven Framework for Mixed-Degradation Document Image Restoration,https://openaccess.thecvf.com/content/CVPR2026/html/Li_MMDIR_Multimodal_Instruction-Driven_Framework_for_Mixed-Degradation_Document_Image_Restoration_CVPR_2026_paper.html,"Restoring degraded document image is essential for both improving visual quality and optimizing performance in downstream document analysis tasks. Although existing methods have demonstrated substantial improvements in restoration outcomes, they primarily address single-type degradation scenarios. Current approaches typically necessitate training multiple specialized models for specific degradatio"
Image Generation,MR. Illuminate: Zero-Shot Low-Light Image Enhancement with Diffusion Prior,https://openaccess.thecvf.com/content/CVPR2026/html/Cho_MR._Illuminate_Zero-Shot_Low-Light_Image_Enhancement_with_Diffusion_Prior_CVPR_2026_paper.html,"The primary axes of interest in low-light image enhancement (LLIE) are color constancy—ensuring consistent outputs across inputs of the same scene under varying illumination and noise—and generalization across diverse datasets. Existing methods, whether supervised, unsupervised, or zero-shot, rely on auxiliary loss functions and empirically selected hyperparameters, which yield strong results on t"
Image Generation,FoundIR-v2: Optimizing Pre-Training Data Mixtures for Image Restoration Foundation Model,https://openaccess.thecvf.com/content/CVPR2026/html/Chen_FoundIR-v2_Optimizing_Pre-Training_Data_Mixtures_for_Image_Restoration_Foundation_Model_CVPR_2026_paper.html,"Recent studies have witnessed significant advances in image restoration foundation models driven by improvements in the scale and quality of pre-training data. In this work, we find that the data mixture proportions from different restoration tasks are also a critical factor directly determining the overall performance of all-in-one image restoration models. To this end, we propose a high-capacity"
Image Generation,When LoRA Betrays: Backdooring Text-to-Image Models by Masquerading as Benign Adapters,https://openaccess.thecvf.com/content/CVPR2026/html/Lyu_When_LoRA_Betrays_Backdooring_Text-to-Image_Models_by_Masquerading_as_Benign_CVPR_2026_paper.html,"Low-Rank Adaptation (LoRA) has emerged as a leading technique for efficiently fine-tuning text-to-image diffusion models, and its widespread adoption on open-source platforms has fostered a vibrant culture of model sharing and customization. However, the same modular and plug-and-play flexibility that makes LoRA appealing also introduces a broader attack sur-face. To highlight this risk, we propos"
Image Generation,LogCD: Local-to-global Consistency Distillation for Few-step Image Generation,https://openaccess.thecvf.com/content/CVPR2026/html/Xie_LogCD_Local-to-global_Consistency_Distillation_for_Few-step_Image_Generation_CVPR_2026_paper.html,"Distilling latent diffusion models (LDMs)/rectified flow models (RFMs) into ones that are fast to sample from conditions is attracting huge interest. However, the majority of existing methods either need significant training resources or lead to quality degradation, especially in text-image alignment. To address these challenges, we propose Local-to-global Consistency Distillation (LogCD) to accel"
Image Generation,Parallel Jacobi Decoding for Fast Autoregressive Image Generation,https://openaccess.thecvf.com/content/CVPR2026/html/Liao_Parallel_Jacobi_Decoding_for_Fast_Autoregressive_Image_Generation_CVPR_2026_paper.html,"Autoregressive (AR) models have demonstrated remarkable performance in generating high-fidelity images.However, their inherently sequential next-token prediction leads to significantly slows inference.Recent studies have introduced Jacobi-style decoding to accelerate autoregressive image generation.Extending the draft sequence initially improves efficiency, yet the acceleration quickly saturates a"
Image Generation,Re-Align: Structured Reasoning-guided Alignment for In-Context Image Generation and Editing,https://openaccess.thecvf.com/content/CVPR2026/html/He_Re-Align_Structured_Reasoning-guided_Alignment_for_In-Context_Image_Generation_and_Editing_CVPR_2026_paper.html,"In-context image generation and editing (ICGE) enables users to specify visual concepts through interleaved image-text prompts, demanding precise understanding and faithful execution of user intent. Although recent unified multimodal models exhibit promising understanding capabilities, these strengths often fail to transfer effectively to image generation. We introduce Re-Align, a unified framewor"
Image Generation,VisionDirector: Vision-Language Guided Closed-Loop Refinement for Generative Image Synthesis,https://openaccess.thecvf.com/content/CVPR2026/html/Chu_VisionDirector_Vision-Language_Guided_Closed-Loop_Refinement_for_Generative_Image_Synthesis_CVPR_2026_paper.html,"Generative models can now produce photorealistic imagery, yet they still struggle with the long, multi-goal prompts that professional designers issue. To expose this gap and better evaluate models’ performance in real-world, we introduce Long Goal Bench(**LGBench**), a 2000-task suite (1000 T2I, 1000 I2I) whose average instruction contains 18---22 tightly coupled goals spanning global layout, loca"
Image Generation,MotionHiFlow: Text-to-Motion via Hierarchical Flow Matching,https://openaccess.thecvf.com/content/CVPR2026/html/Li_MotionHiFlow_Text-to-Motion_via_Hierarchical_Flow_Matching_CVPR_2026_paper.html,"Text-to-motion generation aims to generate 3D human motions that are tightly aligned with the input text while remaining physically plausible and rich in fine-grained detail. Although recent approaches can produce complex and natural movements, they usually operate at only one temporal scale, which limits both semantic alignment and temporal coherence. Inspired by the fact that complex motions are"
Image Generation,A Self-Conditioned Representation Guided Diffusion Model for Realistic Text-to-LiDAR Scene Generation,https://openaccess.thecvf.com/content/CVPR2026/html/Qu_A_Self-Conditioned_Representation_Guided_Diffusion_Model_for_Realistic_Text-to-LiDAR_Scene_CVPR_2026_paper.html,"Text-to-LiDAR generation can customize 3D data with rich structures and diverse scenes for downstream tasks. However, the scarcity of Text-LiDAR pairs often causes insufficient training priors, generating overly smooth 3D scenes. Moreover, low-quality text descriptions may degrade generation quality and controllability. In this paper, we propose a Text-to-LiDAR Diffusion Model for scene generation"
Image Generation,When Local Rules Create Global Order: Self-Organized Representation Learning for Latent Diffusion Models,https://openaccess.thecvf.com/content/CVPR2026/html/Lian_When_Local_Rules_Create_Global_Order_Self-Organized_Representation_Learning_for_CVPR_2026_paper.html,"This work studies how latent space structure impacts the performance of Latent Diffusion Models (LDMs). We show that effective generation requires a latent space that is simultaneously locally smooth, enabling stable and reliable reconstruction, and globally dispersive, allowing the model to draw diverse and meaningful samples without collapsing into narrow regions of the latent space. However, ex"
Image Generation,LLaDA-V: Large Language Diffusion Models with Visual Instruction Tuning,https://openaccess.thecvf.com/content/CVPR2026/html/You_LLaDA-V_Large_Language_Diffusion_Models_with_Visual_Instruction_Tuning_CVPR_2026_paper.html,"In this work, we introduce LLaDA-V, a purely diffusion-based Multimodal Large Language Model (MLLM) that integrates visual instruction tuning with masked diffusion models, representing a departure from the autoregressive paradigms dominant in current multimodal approaches. Built upon LLaDA, a representative large language diffusion model, LLaDA-V incorporates a vision encoder and MLP connector tha"
Image Generation,"Can We Build Scene Graphs, Not Classify Them? FlowSG: Progressive Image-Conditioned Scene Graph Generation with Flow Matching",https://openaccess.thecvf.com/content/CVPR2026/html/Hu_Can_We_Build_Scene_Graphs_Not_Classify_Them_FlowSG_Progressive_CVPR_2026_paper.html,"Scene Graph Generation (SGG) unifies object localization and visual relationship reasoning by predicting boxes and subject–predicate–object triples. Yet most pipelines treat SGG as a one-shot, deterministic classification instead of a genuine {progressive, generative} task. We propose \textbf{FlowSG}, which recasts SGG as continuous-time transport on a {hybrid} discrete–continuous state: starting "
Image Generation,StreamAvatar: Streaming Diffusion Models for Real-Time Interactive Human Avatars,https://openaccess.thecvf.com/content/CVPR2026/html/Sun_StreamAvatar_Streaming_Diffusion_Models_for_Real-Time_Interactive_Human_Avatars_CVPR_2026_paper.html,"Real-time, streaming interactive avatars represent a critical yet challenging goal in digital human research. Although diffusion-based human avatar generation methods achieve remarkable success, their non-causal architecture and high computational costs make them unsuitable for streaming. Moreover, existing interactive approaches are typically limited to head-and-shoulder region, limiting their ab"
Image Generation,Layer-wise Instance Binding for Regional and Occlusion Control in Text-to-Image Diffusion Transformers,https://openaccess.thecvf.com/content/CVPR2026/html/Chen_Layer-wise_Instance_Binding_for_Regional_and_Occlusion_Control_in_Text-to-Image_CVPR_2026_paper.html,"Region-instructed layout control in text-to-image generation is highly practical, yet existing methods suffer from limitations: (i) training-based approaches inherit data bias and often degrade image quality, and (ii) current techniques struggle with occlusion order, limiting real-world usability. To address these issues, we propose LayerBind. By modeling regional generation as distinct layers and"
Image Generation,DMGD: Train-Free Dataset Distillation with Semantic-Distribution Matching in Diffusion Models,https://openaccess.thecvf.com/content/CVPR2026/html/Wang_DMGD_Train-Free_Dataset_Distillation_with_Semantic-Distribution_Matching_in_Diffusion_Models_CVPR_2026_paper.html,"Dataset distillation enables efficient training by distilling the information of large-scale datasets into significantly smaller synthetic datasets. Diffusion based paradigms have emerged in recent years, offering novel perspectives for dataset distillation. However, they typically necessitate additional fine-tuning stages, and effective guidance mechanisms remain underexplored. To address these l"
Image Generation,Beyond the Static-World: Lifelong Learning for All-in-One Medical Image Restoration,https://openaccess.thecvf.com/content/CVPR2026/html/Shan_Beyond_the_Static-World_Lifelong_Learning_for_All-in-One_Medical_Image_Restoration_CVPR_2026_paper.html,"All-in-One Medical Image Restoration (MedIR) models offer a promising path towards generalized medical imaging intelligence but face two critical spatiotemporal challenges: 1) Spatial Modality Interference, where conflicting gradients from diverse modalities (e.g., MRI, CT, PET) degrade performance; and 2) a Temporal Static-World Assumption that ignores the continual data streams in real-world cli"
