Category,Title,URL,Abstract
Video Generation,Less is More: Data-Efficient Adaptation for Controllable Text-to-Video Generation,https://openaccess.thecvf.com/content/CVPR2026/html/Cheng_Less_is_More_Data-Efficient_Adaptation_for_Controllable_Text-to-Video_Generation_CVPR_2026_paper.html,"Fine-tuning large-scale text-to-video diffusion models to add new generative controls, such as those over physical camera parameters (e.g., shutter speed or aperture), typically requires vast, high-fidelity datasets that are difficult to acquire.In this work, we propose a data-efficient fine-tuning strategy that learns these controls from sparse, low-quality synthetic data. We show that not only d"
Video Generation,Hierarchical Enhancement of Semantic Priors for Disentangled Text-Driven Motion Generation,https://openaccess.thecvf.com/content/CVPR2026/html/Lv_Hierarchical_Enhancement_of_Semantic_Priors_for_Disentangled_Text-Driven_Motion_Generation_CVPR_2026_paper.html,"Text-to-motion generation aims to synthesize realistic and semantically aligned 3D human motions from natural language descriptions. However, existing diffusion-based methods often rely on isotropic latent priors and shallow cross-modal supervision, which lead to semantic entanglement, limited controllability, and poor interpretability.We propose HESP, a unified diffusion framework that hierarchic"
Video Generation,DeltaQuant: 4-bit Video Diffusion Models with Spatiotemporal Delta Smoothing,https://openaccess.thecvf.com/content/CVPR2026/html/Li_DeltaQuant_4-bit_Video_Diffusion_Models_with_Spatiotemporal_Delta_Smoothing_CVPR_2026_paper.html,"Video diffusion models have achieved remarkable generative performance, but their substantial computational and memory costs pose significant challenges for deployment, especially on consumer GPUs. As recent advances in attention optimization mitigate previous computational bottlenecks, linear layers now dominate both computational cost and inference memory. In this work, we focus on quantizing bo"
Video Generation,PAM: A Pose–Appearance–Motion Engine for Sim-to-Real HOI Video Generation,https://cvpr.thecvf.com/virtual/2026/poster/36577,"Hand–object interaction (HOI) reconstruction and synthesis are becoming central to embodied AI and AR/VR. Yet, despite rapid progress, existing HOI generation research remains fragmented across three disjoint tracks: (1) pose-only synthesis that predicts MANO trajectories without producing pixels; (2) single-image HOI generation that hallucinates appearance from masks or 2D cues but lacks dynamics"
Video Generation,HVG-3D: Bridging Real and Simulation Domains for 3D-Conditional Hand-Object Interaction Video Synthesis,https://openaccess.thecvf.com/content/CVPR2026/html/Chen_HVG-3D_Bridging_Real_and_Simulation_Domains_for_3D-Conditional_Hand-Object_Interaction_CVPR_2026_paper.html,"Recent methods have made notable progress in the visual quality of hand-object interaction video synthesis. However, most approaches rely on 2D control signals that lack spatial expressiveness and limit the utilization of synthetic 3D conditional data. To address these limitations, we propose HVG-3D, a unified framework for 3D-aware hand-object interaction (HOI) video synthesis conditioned on expl"
Video Generation,Open-world Hand-Object Interaction Video Generation Based on Structure and Contact-aware Representation,https://openaccess.thecvf.com/content/CVPR2026/html/Yan_Open-world_Hand-Object_Interaction_Video_Generation_Based_on_Structure_and_Contact-aware_CVPR_2026_paper.html,"Generating realistic hand-object interactions (HOI) videos is a significant challenge due to the difficulty of modeling physical constraints (e.g., contact and occlusion between hands and manipulated objects). Current methods utilize HOI representation as an auxiliary generative objective to guide video synthesis. However, there is a dilemma between 2D and 3D representations that cannot simultaneo"
Video Generation,"EgoEdit: Dataset, Real-Time Streaming Model, and Benchmark for Egocentric Video Editing",https://openaccess.thecvf.com/content/CVPR2026/html/Li_EgoEdit_Dataset_Real-Time_Streaming_Model_and_Benchmark_for_Egocentric_Video_CVPR_2026_paper.html,"We study instruction-guided editing of egocentric videos for interactive AR applications. While recent AI video editors perform well on third-person footage, egocentric views present unique challenges — including rapid egomotion, and frequent hand–object interactions — that create a significant domain gap. Moreover, existing offline editing pipelines suffer from high latency, limiting real-time in"
Video Generation,Inference-time Physics Alignment of Video Generative Models with Latent World Models,https://openaccess.thecvf.com/content/CVPR2026/html/Yuan_Inference-time_Physics_Alignment_of_Video_Generative_Models_with_Latent_World_CVPR_2026_paper.html,"State-of-the-art video generative models produce promising visual content yet often violate basic physics principles, limiting their utility. While some attribute this deficiency to insufficient physics understanding from pre-training, we find that the shortfall in physics plausibility also stems from suboptimal inference strategies. We therefore introduce WMReward and treat improving physics plau"
Video Generation,SMRABooth: Subject and Motion Representation Alignment for Customized Video Generation,https://openaccess.thecvf.com/content/CVPR2026/html/Xu_SMRABooth_Subject_and_Motion_Representation_Alignment_for_Customized_Video_Generation_CVPR_2026_paper.html,"Customized video generation aims to produce videos that faithfully preserve the subject's appearance from reference images while maintaining temporally consistent motion from reference videos. Existing methods struggle to ensure both subject appearance similarity and motion pattern consistency due to the lack of object-level guidance for subject and motion. To address this, we propose SMRABooth, w"
Video Generation,Plenoptic Video Generation,https://openaccess.thecvf.com/content/CVPR2026/html/Fu_Plenoptic_Video_Generation_CVPR_2026_paper.html,"Camera-controlled generative video re-rendering methods, such as ReCamMaster, have achieved remarkable progress. However, despite their success in single-view setting, these works often struggle to maintain consistency across multi-view scenarios. Ensuring spatio-temporal coherence in hallucinated regions remains challenging due to the inherent stochasticity of generative models. To address it, we"
Video Generation,PyramidalWan: On Making Pretrained Video Model Pyramidal for Efficient Inference,https://openaccess.thecvf.com/content/CVPR2026/html/Korzhenkov_PyramidalWan_On_Making_Pretrained_Video_Model_Pyramidal_for_Efficient_Inference_CVPR_2026_paper.html,"Recently proposed pyramidal models decompose the conventional forward and backward diffusion processes into multiple stages operating at varying resolutions. These models handle inputs with higher noise levels at lower resolutions, while less noisy inputs are processed at higher resolutions. This hierarchical approach significantly reduces the computational cost of inference in multi-step denoisin"
Video Generation,OneStory: Coherent Multi-Shot Video Generation with Adaptive Memory,https://openaccess.thecvf.com/content/CVPR2026/html/An_OneStory_Coherent_Multi-Shot_Video_Generation_with_Adaptive_Memory_CVPR_2026_paper.html,"Storytelling in real-world videos often unfolds through multiple shots—discontinuous yet semantically connected clips that together convey a coherent narrative. However, existing multi-shot video generation (MSV) methods struggle to effectively model long-range cross-shot context, as they rely on limited temporal windows or single keyframe conditioning, leading to degraded performance under comple"
Video Generation,MultiShotMaster: A Controllable Multi-Shot Video Generation Framework,https://openaccess.thecvf.com/content/CVPR2026/html/Wang_MultiShotMaster_A_Controllable_Multi-Shot_Video_Generation_Framework_CVPR_2026_paper.html,"Current video generation techniques excel at single-shot clips but struggle to produce narrative multi-shot videos, which require flexible shot arrangement, coherent narrative, and controllability beyond text prompts. To tackle these challenges, we propose MultiShotMaster, a framework for highly controllable multi-shot video generation. We extend a pretrained single-shot model by integrating two n"
Video Generation,Training-free Detection of Generated Videos via Spatial-Temporal Likelihoods,https://openaccess.thecvf.com/content/CVPR2026/html/Hayun_Training-free_Detection_of_Generated_Videos_via_Spatial-Temporal_Likelihoods_CVPR_2026_paper.html,"Following major advances in text and image generation, the video domain has surged, producing highly realistic and controllable sequences. Along with this progress, these models also raise serious concerns about misinformation, making reliable detection of synthetic videos increasingly crucial. Image-based detectors are fundamentally limited because they operate per frame and ignore temporal dynam"
Video Generation,DUO-VSR: Dual-Stream Distillation for One-Step Video Super-Resolution,https://openaccess.thecvf.com/content/CVPR2026/html/Lv_DUO-VSR_Dual-Stream_Distillation_for_One-Step_Video_Super-Resolution_CVPR_2026_paper.html,"Diffusion-based video super-resolution (VSR) achieves remarkable fidelity but suffers from prohibitive sampling cost. While distribution matching distillation (DMD) accelerates diffusion models to one-step generation, directly applying it to VSR leads to training instability and degraded, insufficient supervision.To address these issues, we propose \textbf{DUO-VSR}, a three-stage framework centere"
Video Generation,VSRELL: A Simple Baseline for Video Super-Resolution and Enhancement in Low-Light Environment,https://openaccess.thecvf.com/content/CVPR2026/html/Hui_VSRELL_A_Simple_Baseline_for_Video_Super-Resolution_and_Enhancement_in_CVPR_2026_paper.html,"We propose an integrated learning scheme of Video Super-Resolution and Enhancement in Low-Light environment, named VSRELL, which aims to recover Well-Illuminated High-Resolution (WIHR) sequence from Low-Light Low-Resolution (LLLR) counterparts. Due to the complex coupling of multiple degradations, this joint task has received relatively little attention. Our approach jointly models illumination en"
Video Generation,Next-Scale Autoregressive Models for Text-to-Motion Generation,https://openaccess.thecvf.com/content/CVPR2026/html/Zheng_Next-Scale_Autoregressive_Models_for_Text-to-Motion_Generation_CVPR_2026_paper.html,"Autoregressive (AR) models offer stable and efficient training, but standard next-token prediction is not well aligned with the temporal structure required for text-conditioned motion generation. We introduce MoScale, a next-scale AR framework that generates motion hierarchically from coarse to fine temporal resolutions. By providing global semantics at the coarsest scale and refining them progres"
Video Generation,"RoMo: A Large-Scale, Richly Organized Dataset and Semantic Taxonomy for Human Motion Generation",https://openaccess.thecvf.com/content/CVPR2026/html/Zhang_RoMo_A_Large-Scale_Richly_Organized_Dataset_and_Semantic_Taxonomy_for_CVPR_2026_paper.html,"Success in generative modeling across language, image, and video demonstrates that large, well-curated datasets are the key driver for building capable models. 3D Human motion, however, has lagged behind, constrained by an unsatisfying choice between small, high-fidelity motion capture datasets and large-scale in-the-wild collections dominated by static or low-quality sequences.We introduce RoMo, "
Video Generation,Generative Video Motion Editing with 3D Point Tracks,https://openaccess.thecvf.com/content/CVPR2026/html/Lee_Generative_Video_Motion_Editing_with_3D_Point_Tracks_CVPR_2026_paper.html,"Camera and object motions are central to a video's narrative. However, precisely editing these captured motions remains a significant challenge, especially under complex object movements. Current motion-controlled image-to-video (I2V) approaches often lack full-scene context for consistent video editing, while video-to-video (V2V) methods provide viewpoint changes or basic object translation, but "
Video Generation,BulletTime: Decoupled Control of Time and Camera Pose for Video Generation,https://openaccess.thecvf.com/content/CVPR2026/html/Wang_BulletTime_Decoupled_Control_of_Time_and_Camera_Pose_for_Video_CVPR_2026_paper.html,"Emerging video diffusion models achieve high visual fidelity but fundamentally couple scene dynamics with camera motion, limiting their ability to provide precise spatial and temporal control. We introduce a 4D-controllable video diffusion framework that explicitly decouples scene dynamics from camera pose, enabling fine-grained manipulation of both scene dynamics and camera viewpoint. Our framewo"
Video Generation,Learning to Generate Highly Dynamic Videos using Synthetic Motion Data,https://openaccess.thecvf.com/content/CVPR2026/html/Jin_Learning_to_Generate_Highly_Dynamic_Videos_using_Synthetic_Motion_Data_CVPR_2026_paper.html,"Despite recent progress, video diffusion models still struggle to synthesize realistic videos involving highly dynamic motions or requiring fine-grained motion controllability. A central limitation lies in the scarcity of such examples in commonly used training datasets. To address this, we introduce DynaVid, a video synthesis framework that leverages synthetic motion data in training, which is re"
Video Generation,Stereo World Model: Camera-Guided Stereo Video Generation,https://openaccess.thecvf.com/content/CVPR2026/html/Sun_Stereo_World_Model_Camera-Guided_Stereo_Video_Generation_CVPR_2026_paper.html,"We present StereoWorld, a camera-conditioned stereo world model that jointly learns appearance and binocular geometry for end-to-end stereo video generation.Unlike monocular RGB or RGBD approaches, StereoWorld operates exclusively within the RGB modality, while simultaneously grounding geometry directly from disparity. To efficiently achieve consistent stereo generation, our approach introduces tw"
Video Generation,VDFE: Difference-Aware 3D Scene Editing with Non-Intrusive Video Diffusion Priors for Multi-View Consistency and Efficiency,https://openaccess.thecvf.com/content/CVPR2026/html/Zhang_VDFE_Difference-Aware_3D_Scene_Editing_with_Non-Intrusive_Video_Diffusion_Priors_CVPR_2026_paper.html,"Text-driven 3D editing, enabled by advancements in 3D reconstruction techniques such as NeRF and 3D Gaussian Splatting, aims to provide intuitive scene customization. However, existing methods frequently exhibit limitations in controllability and consistency. To address these shortcomings, we propose \textbf{VDFE}, a difference-aware 3D scene editing method based on non-intrusive utilization of pr"
Video Generation,Towards Realistic and Consistent Orbital Video Generation via 3D Foundation Priors,https://openaccess.thecvf.com/content/CVPR2026/html/Wang_Towards_Realistic_and_Consistent_Orbital_Video_Generation_via_3D_Foundation_CVPR_2026_paper.html,"We present a novel method for generating geometrically realistic and consistent orbital videos from a single image of an object. Existing video generation works mostly rely on pixel-wise attention to enforce view consistency across frames. However, such mechanism does not impose sufficient constraints for long-range extrapolation, e.g. rear-view synthesis, in which pixel correspondences to the inp"
Video Generation,VideoRealBench: A Chain-of-Thought Realism Evaluation Benchmark for Generated Human-Centric Videos,https://openaccess.thecvf.com/content/CVPR2026/html/Yang_VideoRealBench_A_Chain-of-Thought_Realism_Evaluation_Benchmark_for_Generated_Human-Centric_Videos_CVPR_2026_paper.html,"With the great advancement of video generation models, a growing number of content creators and researchers are leveraging these technologies to produce large volumes of human-centric videos for content creation and customized data generation for specific tasks. Although existing video generation models are capable of producing videos with high visual quality, their inadequate understanding of vid"
Video Generation,Goal Force: Teaching Video Models To Accomplish Physics-Conditioned Goals,https://openaccess.thecvf.com/content/CVPR2026/html/Gillman_Goal_Force_Teaching_Video_Models_To_Accomplish_Physics-Conditioned_Goals_CVPR_2026_paper.html,"Recent advancements in video generation have enabled the development of ``world models'' capable of simulating potential futures for robotics and planning. However, specifying precise goals for these models remains a challenge; text instructions are often too abstract to capture physical nuances, while target images are frequently infeasible to specify for dynamic tasks. To address this, we introd"
Video Generation,SAGA: Source Attribution of Generative AI Videos,https://openaccess.thecvf.com/content/CVPR2026/html/Kundu_SAGA_Source_Attribution_of_Generative_AI_Videos_CVPR_2026_paper.html,"The proliferation of generative AI has led to hyper-realistic synthetic videos, escalating misuse risks and outstripping binary real/fake detectors. We introduce $\textcolor{blue}{\texttt{SAGA}}$ ($\underline{S}$ource $\underline{A}$ttribution of $\underline{G}$enerative $\underline{A}$I videos), the first comprehensive framework to address the urgent need for AI-generated $\textit{video source at"
Video Generation,VMD-FACT: A New Video Dataset and MLLM-based method for Detecting Realistic AI-Generated Video Misinformation,https://openaccess.thecvf.com/content/CVPR2026/html/Zhang_VMD-FACT_A_New_Video_Dataset_and_MLLM-based_method_for_Detecting_CVPR_2026_paper.html,"The rapid evolution of generative AI, exemplified by models such as Sora, has intensified the threat of video misinformation. A critical challenge in detecting these AI-generated video misinformation lies in a fundamental disconnect between existing datasets and practical deception tactics. Current datasets often disrupt cross-modal consistency through editing techniques, resulting in unrealistic "
Video Generation,TGT: Text-Grounded Trajectories for Locally Controlled Video Generation,https://openaccess.thecvf.com/content/CVPR2026/html/Zhang_TGT_Text-Grounded_Trajectories_for_Locally_Controlled_Video_Generation_CVPR_2026_paper.html,"Text-to-video generation has advanced rapidly in visual fidelity, whereas standard methods still have limited ability to control the subject composition of generated scenes. Prior work shows that adding localized text control signals, such as bounding boxes or segmentation masks, can help. However, these methods struggle in complex scenarios and degrade in multi-object settings, offering limited p"
Video Generation,FFP-300K: Scaling First-Frame Propagation for Generalizable Video Editing,https://openaccess.thecvf.com/content/CVPR2026/html/Huang_FFP-300K_Scaling_First-Frame_Propagation_for_Generalizable_Video_Editing_CVPR_2026_paper.html,"First-Frame Propagation (FFP) offers a promising paradigm for controllable video editing, but existing methods are hampered by a reliance on cumbersome run-time guidance. We identify the root cause of this limitation as the inadequacy of current training datasets, which are often too short, low-resolution, and lack the task diversity required to teach robust temporal priors. To address this founda"
Video Generation,V-RGBX: Video Editing with Accurate Controls over Intrinsic Properties,https://openaccess.thecvf.com/content/CVPR2026/html/Fang_V-RGBX_Video_Editing_with_Accurate_Controls_over_Intrinsic_Properties_CVPR_2026_paper.html,"Large-scale video generation models have shown remarkable potential in modeling photorealistic appearance and lighting interactions in real-world scenes. However, a closed-loop framework that jointly understands intrinsic scene properties (e.g., albedo, normal, material, and irradiance), leverages them for video synthesis, and supports editable intrinsic representations remains unexplored. We pres"
Video Generation,PoseAnything: General Pose-guided Video Generation with Part-aware Temporal Coherence,https://openaccess.thecvf.com/content/CVPR2026/html/Wang_PoseAnything_General_Pose-guided_Video_Generation_with_Part-aware_Temporal_Coherence_CVPR_2026_paper.html,"Pose-guided video generation refers to controlling the motion of subjects in generated video through a sequence of poses. It enables precise control over subject motion and has important applications in animation. However, current pose-guided video generation methods are limited to accepting only human poses as input, thus generalizing poorly to pose of other subjects. To address this issue, we pr"
Video Generation,AlcheMinT: Fine-grained Temporal Control for Multi-Reference Consistent Video Generation,https://openaccess.thecvf.com/content/CVPR2026/html/Girish_AlcheMinT_Fine-grained_Temporal_Control_for_Multi-Reference_Consistent_Video_Generation_CVPR_2026_paper.html,"Recent advances in subject-driven video generation with large diffusion models have enabled personalized content synthesis conditioned on user-provided subjects.However, existing methods lack fine-grained temporal control over subject appearance and disappearance, which are essential for applications such as compositional video synthesis, storyboarding, and controllable animation.We propose AlcheM"
Video Generation,EVATok: Adaptive Length Video Tokenization for Efficient Visual Autoregressive Generation,https://openaccess.thecvf.com/content/CVPR2026/html/Xiong_EVATok_Adaptive_Length_Video_Tokenization_for_Efficient_Visual_Autoregressive_Generation_CVPR_2026_paper.html,"Autoregressive (AR) video generative models rely on video tokenizers that compress pixels into discrete token sequences. The length of these token sequences is crucial for balancing reconstruction quality against downstream generation computational cost. Traditional video tokenizers apply a uniform token assignment across temporal blocks of different videos, often wasting tokens on simple, static,"
Video Generation,Rethinking Position Embedding as a Context Controller for Multi-Reference and Multi-Shot Video Generation,https://openaccess.thecvf.com/content/CVPR2026/html/Huang_Rethinking_Position_Embedding_as_a_Context_Controller_for_Multi-Reference_and_CVPR_2026_paper.html,"Recent proprietary models such as Sora‑2 demonstrate promising progress in generating multi‑shot videos conditioned on multiple reference characters. However, academic research on this problem remains limited. We study this task and identify a core challenge: when reference images exhibit highly similar appearances, the model often suffers from reference confusion, where semantically similar token"
Video Generation,Stand-In: A Lightweight and Plug-and-Play Identity Control for Video Generation,https://openaccess.thecvf.com/content/CVPR2026/html/Xue_Stand-In_A_Lightweight_and_Plug-and-Play_Identity_Control_for_Video_Generation_CVPR_2026_paper.html,"Generating high-fidelity human videos that match user-specified identities is important yet challenging in the field of generative AI.Existing methods often rely on an excessive number of training parameters and lack compatibility with other AIGC tools.In this paper, we propose $\textbf{Stand-In}$, a lightweight and plug-and-play framework for identity preservation in video generation.Specifically"
Video Generation,VABench: A Comprehensive Benchmark for Audio-Video Generation,https://openaccess.thecvf.com/content/CVPR2026/html/Hua_VABench_A_Comprehensive_Benchmark_for_Audio-Video_Generation_CVPR_2026_paper.html,"Recent advances in video generation have been remarkable, enabling models to produce visually compelling videos with synchronized audio. While existing video generation benchmarks provide comprehensive metrics for visual quality, they lack convincing evaluations for audio-video generation, especially for models aiming to generate synchronized audio-video outputs. To address this gap, we introduce "
Video Generation,LinVideo: A Post-Training Framework towards O(n) Attention in Efficient Video Generation,https://openaccess.thecvf.com/content/CVPR2026/html/Huang_LinVideo_A_Post-Training_Framework_towards_On_Attention_in_Efficient_Video_CVPR_2026_paper.html,"Video diffusion models (DMs) have enabled high-quality video synthesis, but their computation costs scale quadratically with sequence length due to the nature of self-attention. While linear attention offers a more efficient alternative, fully replacing quadratic attention demands costly pretraining. This is largely because linear attention lacks sufficient expressiveness and struggles with the co"
Video Generation,MoCoDiff: A Controllable Autoregressive Diffusion Model for Expressive Motion Generation,https://openaccess.thecvf.com/content/CVPR2026/html/Song_MoCoDiff_A_Controllable_Autoregressive_Diffusion_Model_for_Expressive_Motion_Generation_CVPR_2026_paper.html,"Diffusion-based motion generation has advanced rapidly, but current methods still struggle with long-horizon consistency, style control, and multi-condition guidance. A major reason is the fused-conditioning design, where semantic, stylistic, and temporal signals share a single pathway, causing interference and limiting controllability.We propose MoCoDiff, a controlable autoregressive diffusion fr"
Video Generation,ParTY: Part-Guidance for Expressive Text-to-Motion Synthesis,https://openaccess.thecvf.com/content/CVPR2026/html/Heo_ParTY_Part-Guidance_for_Expressive_Text-to-Motion_Synthesis_CVPR_2026_paper.html,"Text-to-motion synthesis aims to generate natural and expressive human motions from textual descriptions. While existing approaches primarily focus on generating holistic motions from text descriptions, they struggle to accurately reflect actions involving specific body parts. Recent part-wise motion generation methods attempt to resolve this but face two critical limitations: (i) they lack explic"
Video Generation,Unified Number-Free Text-to-Motion Generation Via Flow Matching,https://openaccess.thecvf.com/content/CVPR2026/html/Huang_Unified_Number-Free_Text-to-Motion_Generation_Via_Flow_Matching_CVPR_2026_paper.html,"Generative models excel at motion synthesis for a fixed number of agents but struggle to generalize with variable agents. Based on limited, domain-specific data, existing methods employ autoregressive models to generate motion recursively, which suffer from inefficiency and error accumulation. We propose Unified Motion Flow (UMF), which consists of Pyramid Motion Flow (P-Flow) and Semi-Noise Motio"
Video Generation,When Numbers Speak: Aligning Textual Numerals and Visual Instances in Text-to-Video Diffusion Models,https://openaccess.thecvf.com/content/CVPR2026/html/Sun_When_Numbers_Speak_Aligning_Textual_Numerals_and_Visual_Instances_in_CVPR_2026_paper.html,"Text-to-video diffusion models have enabled open-ended video synthesis, but often struggle with generating the correct number of objects specified in a prompt. We introduce NUMINA, a training-free identify-then-guide framework for improved numerical alignment. NUMINA identifies prompt–layout inconsistencies by selecting discriminative self- and cross-attention heads to derive a countable latent la"
Video Generation,PerformRecast: Expression and Head Pose Disentanglement for Portrait Video Editing,https://openaccess.thecvf.com/content/CVPR2026/html/Liang_PerformRecast_Expression_and_Head_Pose_Disentanglement_for_Portrait_Video_Editing_CVPR_2026_paper.html,"This paper primarily investigates the task of editing facial expression in an input portrait video based on a driving video, which plays a crucial role in animation and film industries. Most existing research mainly focuses on portrait animation, which aims to animate a static portrait image according to the facial motion from the driving video. As a consequence, it remains challenging for them to"
Video Generation,CineScene: Implicit 3D as Effective Scene Representation for Cinematic Video Generation,https://openaccess.thecvf.com/content/CVPR2026/html/Huang_CineScene_Implicit_3D_as_Effective_Scene_Representation_for_Cinematic_Video_CVPR_2026_paper.html,"Cinematic video production requires control over scene-subject composition and camera movement, but live-action shooting remains costly due to the need for constructing physical sets. To address this, we introduce the task of cinematic video generation with decoupled scene context: given multiple images of a static environment, the goal is to synthesize high-quality videos featuring dynamic subjec"
Video Generation,RecEdit-Drive: 3D Reconstruction-Guided Spatiotemporal Video Editing for Autonomous Driving Scenes,https://openaccess.thecvf.com/content/CVPR2026/html/Wu_RecEdit-Drive_3D_Reconstruction-Guided_Spatiotemporal_Video_Editing_for_Autonomous_Driving_Scenes_CVPR_2026_paper.html,"High-quality video editing and processing are crucial in domains such as filmmaking and autonomous driving, where accurate visual refinement and data preparation are essential. However, it is challenging to achieve precise control over dynamic objects while maintaining spatiotemporal consistency. Current approaches typically utilize text prompts or 2D structural priors for video editing to ensure "
Video Generation,UniVBench: Towards Unified Evaluation for Video Foundation Models,https://openaccess.thecvf.com/content/CVPR2026/html/Wei_UniVBench_Towards_Unified_Evaluation_for_Video_Foundation_Models_CVPR_2026_paper.html,"Video foundation models aim to integrate video understanding, generation, editing, and instruction following within a single framework, making them a central direction for next-generation multimodal systems. However, existing evaluation benchmarks remain fragmented and limited in scope, as they each target a single task, rely on task-specific metrics, and typically use short or simple video clips."
Video Generation,Identity-Preserving Image-to-Video Generation via Reward-Guided Optimization,https://openaccess.thecvf.com/content/CVPR2026/html/Shen_Identity-Preserving_Image-to-Video_Generation_via_Reward-Guided_Optimization_CVPR_2026_paper.html,"Recent advances in image-to-video (I2V) generation have achieved remarkable progress in synthesizing high-quality, temporally coherent videos from static images. Among all the applications of I2V, human-centric video generation includes a large portion. However, existing I2V models encounter difficulties in maintaining identity consistency between the input human image and the generated video, esp"
Video Generation,TGTrack: Temporal Generative Learning for Unified Single Object Tracking,https://openaccess.thecvf.com/content/CVPR2026/html/Geng_TGTrack_Temporal_Generative_Learning_for_Unified_Single_Object_Tracking_CVPR_2026_paper.html,"Existing single object trackers typically treat temporal modeling superficially by passing limited inter-frame information, such as propagated tokens or template updates, without intrinsic temporal supervision learning. To address this limitation, we propose TGTrack, a new unified tracking framework that incorporates a temporally generative supervision task to guide the model in learning temporal "
Video Generation,SwitchCraft: Training-Free Multi-Event Video Generation with Attention Controls,https://openaccess.thecvf.com/content/CVPR2026/html/Xu_SwitchCraft_Training-Free_Multi-Event_Video_Generation_with_Attention_Controls_CVPR_2026_paper.html,"Recent advances in text-to-video diffusion models have enabled high-fidelity and temporally coherent videos synthesis. However, current models are predominantly optimized for single-event generation. When handling multi-event prompts, without explicit temporal grounding, such models often produce blended or collapsed scenes that break the intended narrative. To address this limitation, we present "
Video Generation,StreamDiT: Real-Time Streaming Text-to-Video Generation,https://openaccess.thecvf.com/content/CVPR2026/html/Kodaira_StreamDiT_Real-Time_Streaming_Text-to-Video_Generation_CVPR_2026_paper.html,"Recently, great progress has been achieved in text-to-video (T2V) generation by scaling transformer-based diffusion models to billions of parameters, which can generate high-quality videos. However, existing models typically produce only short clips offline, restricting their use cases in interactive and real-time applications. This paper addresses these challenges by proposing StreamDiT, a stream"
Video Generation,TempoMaster: Efficient Long Video Generation via Next-Frame-Rate Prediction,https://openaccess.thecvf.com/content/CVPR2026/html/Ma_TempoMaster_Efficient_Long_Video_Generation_via_Next-Frame-Rate_Prediction_CVPR_2026_paper.html,"We present TempoMaster, a novel framework that formulates long video generation as next-frame-rate prediction. Specifically, we first generate a low-frame-rate clip that serves as a coarse blueprint of the entire video sequence, and then progressively increase the frame rate to refine visual details and motion continuity. During generation, TempoMaster employs bidirectional attention within each f"
Video Generation,SynMotion: Semantic-Visual Adaptation for Motion Customized Video Generation,https://openaccess.thecvf.com/content/CVPR2026/html/Tan_SynMotion_Semantic-Visual_Adaptation_for_Motion_Customized_Video_Generation_CVPR_2026_paper.html,"Diffusion-based video motion customization facilitates the acquisition of human motion representations from a few video samples, while achieving arbitrary subjects transfer through precise textual conditioning. Existing approaches often rely on semantic-level alignment, expecting the model to learn new motion concepts and combine them with other entities (e.g., cats or dogs) to produce visually ap"
Video Generation,"OpenT2M: No-frill Motion Generation with Open-source, Large-scale, High-quality Data",https://openaccess.thecvf.com/content/CVPR2026/html/Cao_OpenT2M_No-frill_Motion_Generation_with_Open-source_Large-scale_High-quality_Data_CVPR_2026_paper.html,"Text-to-motion (T2M) generation aims to create realistic human movements from text descriptions, with promising applications in animation and robotics. Despite recent progress, current T2M models perform poorly on unseen text descriptions due to the small scale and limited diversity of existing motion datasets. To address this problem, we introduce OpenT2M, a million-level, high-quality, and open-"
Video Generation,Towards Decompositional Human Motion Generation with Energy-Based Diffusion Models,https://openaccess.thecvf.com/content/CVPR2026/html/Zhang_Towards_Decompositional_Human_Motion_Generation_with_Energy-Based_Diffusion_Models_CVPR_2026_paper.html,"Human motions are compositional: complex behaviors can be described as combinations of simpler primitives. However, existing approaches primarily focus on forward modeling, e.g., learning holistic mappings from text to motion or composing a complex motion from a set of motion concepts.In this paper, we consider the inverse perspective: decomposing a holistic motion into semantically meaningful sub"
Video Generation,PAMotion: Physics-Aware Motion Generation for Full-Body Interaction with Multiple Objects,https://openaccess.thecvf.com/content/CVPR2026/html/Di_PAMotion_Physics-Aware_Motion_Generation_for_Full-Body_Interaction_with_Multiple_Objects_CVPR_2026_paper.html,"We present PAMotion, a physics-aware diffusion framework for generating realistic full-body human interactions with multiple objects.Existing diffusion-based methods that jointly synthesize human and object motions often struggle to capture the intricate physical interactions—especially those involving complex hand–object contacts. To address this issue, in this paper, we begin with our key observ"
Video Generation,VidPrism: Heterogeneous Mixture of Experts for Image-to-Video Transfer,https://openaccess.thecvf.com/content/CVPR2026/html/Lin_VidPrism_Heterogeneous_Mixture_of_Experts_for_Image-to-Video_Transfer_CVPR_2026_paper.html,"With the rapid development of pre-training technologies, adapting large-scale Vision-Language Models (VLMs) for video understanding \emph{\ie} image-to-video transfer learning has become a dominant paradigm. To achieve superior performance, it raises as an effective strategy among recent advances to employ Mixture-of-Experts (MoE) to enhance VLMs' temporal modeling capabilities. However, conventio"
Video Generation,Learning Transferable Temporal Primitives for Video Reasoning via Synthetic Videos,https://openaccess.thecvf.com/content/CVPR2026/html/Jiang_Learning_Transferable_Temporal_Primitives_for_Video_Reasoning_via_Synthetic_Videos_CVPR_2026_paper.html,"The transition from image to video understanding requires vision-language models (VLMs) to shift from recognizing static patterns to reasoning over temporal dynamics such as motion trajectories, speed changes, and state transitions. Yet current post-training methods fall short due to two critical limitations: (1) existing datasets often lack temporal-centricity, where answers can be inferred from "
Video Generation,SWIFT: Sliding Window Reconstruction for Few-Shot Training-Free Generated Video Attribution,https://openaccess.thecvf.com/content/CVPR2026/html/Wang_SWIFT_Sliding_Window_Reconstruction_for_Few-Shot_Training-Free_Generated_Video_Attribution_CVPR_2026_paper.html,"Recent advancements in video generation technologies have been significant, resulting in their widespread application across multiple domains. However, concerns have been mounting over the potential misuse of generated content. Tracing the origin of generated videos has become crucial to mitigate potential misuse and identify responsible parties. Existing video attribution methods require addition"
Video Generation,ExPose: Reinforcing Video Generation Models for Extreme Pose Estimation,https://openaccess.thecvf.com/content/CVPR2026/html/Yoon_ExPose_Reinforcing_Video_Generation_Models_for_Extreme_Pose_Estimation_CVPR_2026_paper.html,"Pose estimation remains challenging under sparse views, especially when visual overlap across images is extremely limited. Recent advances in video generation models offer a promising solution by enabling keyframe interpolation, which can enrich contextual cues and improve pose estimation performance. However, existing video generation models often lack 3D consistency, producing temporally plausib"
Video Generation,Attention Surgery: An Efficient Recipe to Linearize Your Video Diffusion Transformer,https://openaccess.thecvf.com/content/CVPR2026/html/Ghafoorian_Attention_Surgery_An_Efficient_Recipe_to_Linearize_Your_Video_Diffusion_CVPR_2026_paper.html,"Transformer-based video diffusion models (VDMs) deliver state-of-the-art video generation quality but are constrained by the quadratic cost of self-attention, making long sequences and high resolutions computationally expensive. While linear attention offers sub-quadratic complexity, previous approaches have failed to match the expressiveness of softmax attention unless retrained at significant co"
Video Generation,Compressed-Domain-Aware Online Video Super-Resolution,https://openaccess.thecvf.com/content/CVPR2026/html/Wang_Compressed-Domain-Aware_Online_Video_Super-Resolution_CVPR_2026_paper.html,"In bandwidth-limited online video streaming, videos are usually downsampled and compressed. Although recent online video super-resolution (online VSR) approaches achieve promising results, they are still compute-intensive and fall short of real-time processing at higher resolutions, due to complex motion estimation for alignment and redundant processing of consecutive frames. To address these issu"
Video Generation,VIVA: VLM-Guided Instruction-Based Video Editing with Reward Optimization,https://openaccess.thecvf.com/content/CVPR2026/html/Cong_VIVA_VLM-Guided_Instruction-Based_Video_Editing_with_Reward_Optimization_CVPR_2026_paper.html,"Instruction-based video editing aims to modify an input video according to a natural-language instruction while preserving content fidelity and temporal coherence. However, existing diffusion-based approaches are often trained on paired data of simple editing operations, which fundamentally limits their ability to generalize to diverse and complex, real-world instructions. To address this generali"
Video Generation,Reward Forcing: Efficient Streaming Video Generation with Rewarded Distribution Matching Distillation,https://openaccess.thecvf.com/content/CVPR2026/html/Lu_Reward_Forcing_Efficient_Streaming_Video_Generation_with_Rewarded_Distribution_Matching_CVPR_2026_paper.html,"Efficient streaming video generation is critical for simulating interactive and dynamic worlds. Existing methods distill few-step video diffusion models with sliding window attention, using initial frames as sink tokens to maintain attention performance and reduce error accumulation. However, video frames become overly dependent on these static tokens, resulting in copied initial frames and dimini"
Video Generation,GenieDrive: Towards Physics-Aware Driving World Model with 4D Occupancy Guided Video Generation,https://openaccess.thecvf.com/content/CVPR2026/html/Yang_GenieDrive_Towards_Physics-Aware_Driving_World_Model_with_4D_Occupancy_Guided_CVPR_2026_paper.html,"Physics-aware driving world model is essential for drive planning, out-of-distribution data synthesis, and closed-loop evaluation. However, existing methods often rely on a single diffusion model to directly map driving actions to videos, which makes learning difficult and leads to physically inconsistent outputs. To overcome these challenges, we propose GenieDrive, a novel framework designed for "
Video Generation,Accelerating Diffusion-based Video Editing via Heterogeneous Caching: Beyond Full Computing at Sampled Denoising Timestep,https://openaccess.thecvf.com/content/CVPR2026/html/Liu_Accelerating_Diffusion-based_Video_Editing_via_Heterogeneous_Caching_Beyond_Full_Computing_CVPR_2026_paper.html,"Diffusion-based video editing has emerged as an important paradigm for high-quality and flexible content generation. However, despite their generality and strong modeling capacity, diffusion transformers remain computationally expensive due to the iterative denoising process, posing challenges for practical deployment. Existing video diffusion acceleration methods primarily exploit denoising times"
Video Generation,Mind the Generative Details: Direct Localized Detail Preference Optimization for Video Diffusion Models,https://openaccess.thecvf.com/content/CVPR2026/html/Huang_Mind_the_Generative_Details_Direct_Localized_Detail_Preference_Optimization_for_CVPR_2026_paper.html,"Aligning text-to-video diffusion models with human preferences is crucial for generating high-quality videos. Existing Direct Preference Otimization (DPO) methods rely on multi-sample ranking and task-specific critic models, which is inefficient and often yields ambiguous global supervision. To address these limitations, we propose \textbf{LocalDPO}, a novel post-training framework that constructs"
Video Generation,RAPID: Reusing Attention Sparsity with Inter-step Adaptation for Efficient Video Diffusion,https://openaccess.thecvf.com/content/CVPR2026/html/Lin_RAPID_Reusing_Attention_Sparsity_with_Inter-step_Adaptation_for_Efficient_Video_CVPR_2026_paper.html,"The prohibitive cost of 3D attention hinders high-quality video generation with diffusion models. Existing sparse attention methods either lack content adaptivity (static) or incur excessive overhead from per-step recalculation (dynamic). Our work challenges the necessity of this trade-off, based on a twofold empirical discovery: (1) attention patterns in video diffusion exhibit strong temporal st"
Video Generation,CineBrain: A Large-Scale Multi-Modal Audiovisual Brain Dataset for Brain-Conditioned Video Generation,https://openaccess.thecvf.com/content/CVPR2026/html/Gao_CineBrain_A_Large-Scale_Multi-Modal_Audiovisual_Brain_Dataset_for_Brain-Conditioned_Video_CVPR_2026_paper.html,"Most research decoding brain signals into images, often using them as priors for generative models, has focused only on visual content. This overlooks the brain's natural ability to integrate auditory and visual information, for instance, sound strongly influences how we perceive visual scenes. To investigate this,we propose a new task of reconstructing continuous video stimuli from multimodal bra"
Video Generation,ID-Crafter: VLM-Grounded Online RL for Compositional Multi-Subject Video Generation,https://openaccess.thecvf.com/content/CVPR2026/html/Pan_ID-Crafter_VLM-Grounded_Online_RL_for_Compositional_Multi-Subject_Video_Generation_CVPR_2026_paper.html,"Significant progress has been achieved in high-fidelity video synthesis, yet current paradigms often fall short in effectively integrating identity information from multiple subjects. This leads to semantic conflicts and suboptimal performance in preserving identities and interactions, limiting controllability and applicability. To tackle this issue, we introduce ID-Crafter, a framework for multi-"
Video Generation,Gloria: Consistent Character Video Generation via Content Anchors,https://openaccess.thecvf.com/content/CVPR2026/html/Yang_Gloria_Consistent_Character_Video_Generation_via_Content_Anchors_CVPR_2026_paper.html,"Digital characters are central to modern media, yet generating character videos with long-duration, consistent multi-view appearance and expressive identity remains challenging. Existing approaches either provide insufficient context to preserve identity or leverage non-character-centric information as the ""memory"", leading to suboptimal consistency.Recognizing that character video generation inhe"
Video Generation,DreamShot: Personalized Storyboard Synthesis with Video Diffusion Prior,https://openaccess.thecvf.com/content/CVPR2026/html/Huang_DreamShot_Personalized_Storyboard_Synthesis_with_Video_Diffusion_Prior_CVPR_2026_paper.html,"Storyboard synthesis plays a crucial role in visual storytelling, aiming to generate coherent shot sequences that visually narrate cinematic events with consistent characters, scenes, and transitions. However, existing approaches are mostly adapted from text-to-image diffusion models, which struggle to maintain long-range temporal coherence, consistent character identities, and narrative flow acro"
Video Generation,M4V: Multimodal Mamba for Efficient Text-to-Video Generation,https://openaccess.thecvf.com/content/CVPR2026/html/Huang_M4V_Multimodal_Mamba_for_Efficient_Text-to-Video_Generation_CVPR_2026_paper.html,"Text-to-video generation has significantly enriched content creation and holds the potential to evolve into powerful world simulators. However, modeling the vast spatiotemporal space remains computationally demanding, particularly when employing Transformers, which incur quadratic complexity in sequence processing and thus limit practical applications. Recent advancements in linear-time sequence m"
Video Generation,Anti-I2V: Safeguarding your Photos from Malicious Image-to-video Generation,https://openaccess.thecvf.com/content/CVPR2026/html/Vu_Anti-I2V_Safeguarding_your_Photos_from_Malicious_Image-to-video_Generation_CVPR_2026_paper.html,"Advances in diffusion-based video generation models, while significantly improving human animation, poses threats of misuse through the creation of fake videos from a specific person's photo and text prompts. Recent efforts have focused on adversarial attacks that introduce crafted perturbations to protect images from diffusion-based models. However, most existing approaches target image generatio"
Video Generation,AutoCut: End-to-end advertisement video editing based on multimodal discretization and controllable generation,https://openaccess.thecvf.com/content/CVPR2026/html/Zhou_AutoCut_End-to-end_advertisement_video_editing_based_on_multimodal_discretization_and_CVPR_2026_paper.html,"Short-form videos have become a primary medium for digital advertising, requiring scalable and efficient content creation.However, current workflows and AI tools remain disjoint and modality-specific, leading to high production costs and low overall efficiency. To address this issue, we propose AutoCut, an end-to-end video ad editing framework based on multimodal discretization and controllable ge"
Video Generation,CoT-Edit: Let CoT Guide Instruction Video Editing,https://openaccess.thecvf.com/content/CVPR2026/html/Liang_CoT-Edit_Let_CoT_Guide_Instruction_Video_Editing_CVPR_2026_paper.html,"Text-driven instruction-based video editing in complex scenes remains challenging: purely textual prompts often fail to capture precise spatial relationships and physical constraints, resulting in target ambiguity and physically implausible outcomes. To address this, we propose a plan--guide--edit framework that explicitly bridges semantic intent and spatial execution. In our framework, a Chain-of"
Video Generation,Scaling Instruction-Based Video Editing with a High-Quality Synthetic Dataset,https://openaccess.thecvf.com/content/CVPR2026/html/Bai_Scaling_Instruction-Based_Video_Editing_with_a_High-Quality_Synthetic_Dataset_CVPR_2026_paper.html,"Instruction-based video editing promises to democratize content creation, yet its progress is severely hampered by the scarcity of large-scale, high-quality training data. We introduce Ditto, a holistic framework designed to tackle this fundamental challenge. At its heart, Ditto features a novel data generation pipeline that fuses the creative diversity of a leading image editor with an in-context"
Video Generation,Dual-Granularity Memory for Efficient Video Generation,https://openaccess.thecvf.com/content/CVPR2026/html/Wang_Dual-Granularity_Memory_for_Efficient_Video_Generation_CVPR_2026_paper.html,"Video generation using recurrent architectures offers compelling efficiency advantages over attention-based transformers, particularly for long-sequence generation. However, chunked processing in recurrent models creates temporal discontinuities that harm long-range consistency. We introduce two complementary memory mechanisms to address this challenge at different granularities: \textbf{(1) Conte"
Video Generation,Unified Camera Positional Encoding for Controlled Video Generation,https://openaccess.thecvf.com/content/CVPR2026/html/Zhang_Unified_Camera_Positional_Encoding_for_Controlled_Video_Generation_CVPR_2026_paper.html,"Transformers have emerged as a universal backbone across 3D perception, video generation, and world models for autonomous driving and embodied AI, where understanding camera geometry is essential for grounding visual observations in three-dimensional space. However, existing camera encoding methods often rely on simplified pinhole assumptions, restricting generalization across the diverse intrinsi"
Video Generation,Chain of Event-Centric Causal Thought for Physically Plausible Video Generation,https://openaccess.thecvf.com/content/CVPR2026/html/Wang_Chain_of_Event-Centric_Causal_Thought_for_Physically_Plausible_Video_Generation_CVPR_2026_paper.html,"Physically Plausible Video Generation (PPVG) has emerged as a promising avenue for modeling real-world physical phenomena. PPVG requires an understanding of commonsense knowledge, which remains a challenge for video diffusion models. Current approaches leverage commonsense reasoning capability of large language models to embed physical concepts into prompts. However, generation models often render"
Video Generation,"LoL: Longer than Longer, Scaling Video Generation to Hour",https://openaccess.thecvf.com/content/CVPR2026/html/Cui_LoL_Longer_than_Longer_Scaling_Video_Generation_to_Hour_CVPR_2026_paper.html,"Recent research in long-form video generation has shifted from bidirectional to autoregressive models, yet these methods commonly suffer from error accumulation and a loss of long-term coherence. While attention sink frames have been introduced to mitigate this performance decay, they often induce a critical failure mode we term sink-collapse: the generated content repeatedly reverts to the sink f"
Video Generation,Rethinking Diffusion Model-Based Video Super-Resolution: Leveraging Dense Guidance from Aligned Features,https://openaccess.thecvf.com/content/CVPR2026/html/Xu_Rethinking_Diffusion_Model-Based_Video_Super-Resolution_Leveraging_Dense_Guidance_from_Aligned_CVPR_2026_paper.html,"Diffusion model (DM) based Video Super-Resolution (VSR) approaches achieve impressive perceptual quality. However, they suffer from error accumulation, spatial artifacts, and a trade-off between perceptual quality and fidelity, primarily caused by inaccurate alignment and insufficient compensation between video frames. In this paper, within the DM-based VSR pipeline, we revisit the role of alignme"
Video Generation,Towards Highly-Constrained Human Motion Generation with Retrieval-Guided Diffusion Noise Optimization,https://openaccess.thecvf.com/content/CVPR2026/html/Liu_Towards_Highly-Constrained_Human_Motion_Generation_with_Retrieval-Guided_Diffusion_Noise_Optimization_CVPR_2026_paper.html,"Generating human motion that satisfies customized zero-shot goal functions, enabling applications such as controllable character animation and behavior synthesis for virtual agents, is a critical capability. While current approaches handle many unseen constraints, they fail on tasks with very challenging spatiotemporal restrictions, such as severe spatial obstacles or specified numbers of walking "
Video Generation,MoLingo: Motion–Language Alignment for Text-to-Human Motion Generation,https://cvpr.thecvf.com/virtual/2026/poster/39458,"We introduce MoLingo, a text-to-motion (T2M) model that generates realistic, lifelike human motion by denoising in a continuous latent space. Recent works perform latent space diffusion, either on the whole latent at once or auto-regressively over multiple latents. In this paper, we study how to make diffusion on continuous motion latents work best. We focus on two questions: (1) how to build a se"
Video Generation,Video-as-Answer: Predict and Generate Next Video Event with Joint-GRPO,https://openaccess.thecvf.com/content/CVPR2026/html/Cheng_Video-as-Answer_Predict_and_Generate_Next_Video_Event_with_Joint-GRPO_CVPR_2026_paper.html,"While language models have become impactful in many real-world applications, video generation remains largely confined to entertainment. Motivated by video's inherent capacity to demonstrate physical-world information that is difficult to convey through language alone (e.g., imagine teaching someone to tie a tie using only text), we identify an underutilized opportunity to extend video as a new an"
Video Generation,DriveLaW: Unifying Planning and Video Generation in a Latent Driving World,https://openaccess.thecvf.com/content/CVPR2026/html/Xia_DriveLaW_Unifying_Planning_and_Video_Generation_in_a_Latent_Driving_CVPR_2026_paper.html,"World models have become crucial for autonomous driving, as they learn how scenarios evolve over time to address the long-tail challenges of the real world. However, current approaches relegate world models to limited roles: they operate within ostensibly unified architectures that still keep world prediction and motion planning as decoupled processes. To bridge this gap, we propose DriveLaW, a no"
Video Generation,StereoWorld: Geometry-Aware Monocular-to-Stereo Video Generation,https://openaccess.thecvf.com/content/CVPR2026/html/Xing_StereoWorld_Geometry-Aware_Monocular-to-Stereo_Video_Generation_CVPR_2026_paper.html,"The growing adoption of XR devices has fueled strong demand for high-quality stereo video, yet its production remains costly and artifact-prone.To address this challenge, we present **StereoWorld**, an **end-to-end framework** that repurposes a pretrained video generator for high-fidelity monocular-to-stereo video generation. Our framework jointly conditions the model on the monocular video input "
Video Generation,AniMimic: Imitating 3D Animation from Video Priors,https://openaccess.thecvf.com/content/CVPR2026/html/Xie_AniMimic_Imitating_3D_Animation_from_Video_Priors_CVPR_2026_paper.html,"Creating realistic 3D animation remains a time-consuming and expertise-dependent process, requiring manual rigging, keyframing, and fine-tuning of complex motions. Meanwhile, video diffusion models have recently demonstrated remarkable motion imagination in 2D, generating dynamic and visually coherent motion from text or image prompts. However, their results lack explicit 3D structure and cannot b"
Video Generation,VerseCrafter: Dynamic Realistic Video World Model with 4D Geometric Control,https://openaccess.thecvf.com/content/CVPR2026/html/Zheng_VerseCrafter_Dynamic_Realistic_Video_World_Model_with_4D_Geometric_Control_CVPR_2026_paper.html,"Video world models aim to simulate dynamic, real-world environments, yet existing methods struggle to provide unified and precise control over camera and multi-object motion, as videos inherently operate dynamics in the projected 2D image plane. To bridge this gap, we introduce VerseCrafter, a 4D-aware video world model that enables explicit and coherent control over both camera and object dynamic"
Video Generation,WorldStereo: Bridging Controllable Video Generation and Scene Reconstruction via 3D Geometric Memories,https://cvpr.thecvf.com/virtual/2026/poster/39785,"Recent advances in foundational Video Diffusion Models (VDMs) have yielded significant progress. Yet, despite the remarkable visual quality of generated videos, reconstructing consistent 3D scenes from these outputs remains challenging, due to limited camera controllability and inconsistent generated content when viewed from distinct camera trajectories.In this paper, we propose WorldStereo, a nov"
Video Generation,Taming Video Models for 3D and 4D Generation via Zero-Shot Camera Control,https://openaccess.thecvf.com/content/CVPR2026/html/Song_Taming_Video_Models_for_3D_and_4D_Generation_via_Zero-Shot_CVPR_2026_paper.html,"Video diffusion models have rich world priors, but their use in spatial tasks is limited by poor control, spatial-temporal inconsistent results, and entangled scene-camera dynamics. Current approaches, such as per-task fine-tuning or post-process warping strategies, are insufficient, often introducing visual artifacts, failing to generalize, or incurring high computational costs. We introduce a no"
Video Generation,Improving Motion in Image-to-Video Models via Adaptive Low-Pass Guidance,https://openaccess.thecvf.com/content/CVPR2026/html/Choi_Improving_Motion_in_Image-to-Video_Models_via_Adaptive_Low-Pass_Guidance_CVPR_2026_paper.html,"Recent text-to-video (T2V) models have demonstrated strong capabilities in producing high-quality, dynamic videos. To improve the visual controllability, recent works have considered fine-tuning pre-trained T2V models to support image-to-video (I2V) generation. However, such adaptation frequently suppresses motion dynamics of generated outputs, resulting in more static videos compared to their T2V"
Video Generation,ReHyAt: Recurrent Hybrid Attention for Video Diffusion Transformers,https://openaccess.thecvf.com/content/CVPR2026/html/Ghafoorian_ReHyAt_Recurrent_Hybrid_Attention_for_Video_Diffusion_Transformers_CVPR_2026_paper.html,"Recent advances in video diffusion models have shifted towards transformer-based architectures, achieving state-of-the-art video generation but at the cost of quadratic attention complexity, which severely limits scalability for longer sequences. We introduce ReHyAt, a Recurrent Hybrid Attention mechanism that combines the fidelity of softmax attention with the efficiency of linear attention, enab"
Video Generation,Thinking with Video: Video Generation as a Promising Multimodal Reasoning Paradigm,https://openaccess.thecvf.com/content/CVPR2026/html/Tong_Thinking_with_Video_Video_Generation_as_a_Promising_Multimodal_Reasoning_CVPR_2026_paper.html,"Thinking with Text and ""Thinking with Images"" paradigm significantly improve the reasoning ability of large language models (LLMs) and Vision Language Models (VLMs). However, these paradigms have inherent limitations. (1) Images capture only single moments and fail to represent dynamic processes or continuous changes, and (2) The separation of text and vision as distinct modalities, hindering unif"
Video Generation,Generative Video Compression with One-Dimensional Latent Representation,https://openaccess.thecvf.com/content/CVPR2026/html/Zheng_Generative_Video_Compression_with_One-Dimensional_Latent_Representation_CVPR_2026_paper.html,"Recent advancements in generative video codec (GVC) typically encode video into a 2D latent grid and employ high-capacity generative decoders for reconstruction. However, this paradigm still leaves two key challenges in fully exploiting spatial-temporal redundancy: Spatially, the 2D latent grid inevitably preserves intra-frame redundancy due to its rigid structure, where adjacent patches remain hi"
Video Generation,EvoID: Reinforced Evolution for Identity-Preserving Video Generation,https://openaccess.thecvf.com/content/CVPR2026/html/Zhang_EvoID_Reinforced_Evolution_for_Identity-Preserving_Video_Generation_CVPR_2026_paper.html,"We present EvoID, a novel framework that reformulates Identity-Preserving Video Generation as a self-evolving process through Reinforcement Learning. Moving beyond the static paradigm of imitation learning, EvoID enables a generative model to actively learn and optimize the complex trade-offs between identity fidelity, motion naturalness, and temporal coherence. At the heart of our EvoID is a dyna"
Video Generation,Causal Motion Diffusion Models for Autoregressive Motion Generation,https://openaccess.thecvf.com/content/CVPR2026/html/Yu_Causal_Motion_Diffusion_Models_for_Autoregressive_Motion_Generation_CVPR_2026_paper.html,"Recent advances in motion diffusion models have substantially improved the realism of human motion synthesis. However, existing approaches either rely on full-sequence diffusion models with bidirectional generation, which limits temporal causality and real-time applicability, or autoregressive models that suffer from instability and cumulative errors. In this work, we present Causal Motion Diffusi"
Video Generation,NS-Diff: Fluid Navier–Stokes Guided Video Diffusion via Reinforcement Learning,https://cvpr.thecvf.com/virtual/2026/poster/36346,"While recent video generation models achieve impressive visual quality, generating physically plausible videos remains challenging, especially for fluid dynamics and rigid-body motions. To address this, we present **NS-Diff**, a physics-guided reinforcement learning framework for video diffusion. First, we design a noise-robust physical dynamics detector that distinguishes rigid and fluid regions "
Video Generation,PropFly: Learning to Propagate via On-the-Fly Supervision from Pre-trained Video Diffusion Models,https://openaccess.thecvf.com/content/CVPR2026/html/Seo_PropFly_Learning_to_Propagate_via_On-the-Fly_Supervision_from_Pre-trained_Video_CVPR_2026_paper.html,"Propagation-based video editing enables precise user control by propagating a single edited frame into following frames while maintaining the original context such as motion and structures.However, training such models requires large-scale, paired (source and edited) video datasets, which are costly and complex to acquire.Hence, we propose the PropFly, a training pipeline for Propagation-based vid"
Video Generation,AdaCluster: Adaptive Query-Key Clustering for Sparse Attention in Video Generation,https://openaccess.thecvf.com/content/CVPR2026/html/Tan_AdaCluster_Adaptive_Query-Key_Clustering_for_Sparse_Attention_in_Video_Generation_CVPR_2026_paper.html,"Video diffusion transformers (DiTs) suffer from prohibitive inference latency due to quadratic attention complexity. Existing sparse attention methods either overlook semantic similarity, or fail to adapt to heterogeneous token distributions across layers, leading to model performance degradation. We propose AdaCluster, a training‑free adaptive clustering framework that accelerates the generation "
Video Generation,EasyOmnimatte: Taming Pretrained Inpainting Diffusion Models for End-to-End Video Layered Decompositio,https://openaccess.thecvf.com/content/CVPR2026/html/Hu_EasyOmnimatte_Taming_Pretrained_Inpainting_Diffusion_Models_for_End-to-End_Video_Layered_CVPR_2026_paper.html,"Existing video omnimatte methods typically rely on slow, multi-stage, or inference-time optimization pipelines that fail to fully exploit powerful generative priors, producing suboptimal decompositions. Our key insight is that, if a video inpainting model can be finetuned to remove the foreground-associated effects, then it must be inherently capable of perceiving these effects, and hence can also"
Video Generation,Causality in Video Diffusers is Separable from Denoising,https://openaccess.thecvf.com/content/CVPR2026/html/Bai_Causality_in_Video_Diffusers_is_Separable_from_Denoising_CVPR_2026_paper.html,"Causality—referring to temporal, uni-directional cause–effect relationships between components—underlies many complex generative processes, including videos, language, and robot trajectories.Current causal diffusion models entangle temporal reasoning with iterative denoising, applying causal attention across all layers, at every denoising step, and over the entire context.In this paper, we show th"
Video Generation,Adaptive Video Distillation: Mitigating Oversaturation and Temporal Collapse in Few-Step Generation,https://openaccess.thecvf.com/content/CVPR2026/html/You_Adaptive_Video_Distillation_Mitigating_Oversaturation_and_Temporal_Collapse_in_Few-Step_CVPR_2026_paper.html,"Video generation has recently emerged as a central task in the field of generative AI. However, the substantial computational cost inherent in video synthesis makes model distillation a critical technique for efficient deployment. Despite its significance, there is a scarcity of methods specifically designed for video diffusion models. Prevailing approaches often directly adapt image distillation "
Video Generation,RFDM: Residual Flow Diffusion Models for Video Editing,https://openaccess.thecvf.com/content/CVPR2026/html/Salehi_RFDM_Residual_Flow_Diffusion_Models_for_Video_Editing_CVPR_2026_paper.html,"Autoregressive video generative methods have recently become popular due to their flexibility for variable-length video generation and computational efficiency. However, their deployment in video editing remains relatively unexplored. This paper introduces an efficient causal video editing model that edits a video frame-by-frame.  Specifically, we adapt an image-to-image (I2I) model to video-to-vi"
Video Generation,D2Cache: Second-Order Delta Caching for Higher Video Diffusion Acceleration,https://openaccess.thecvf.com/content/CVPR2026/html/Liu_D2Cache_Second-Order_Delta_Caching_for_Higher_Video_Diffusion_Acceleration_CVPR_2026_paper.html,"Video diffusion models achieve impressive visual fidelity but remain computationally prohibitive for real-time or interactive generation due to their sequential denoising process. Recent caching methods accelerate inference by reusing outputs across timesteps, typically estimating each new output from the first-order residual, which is the difference between adjacent model predictions.To mitigate "
Video Generation,Text-Driven 3D Hand Motion Generation from Sign Language Data,https://openaccess.thecvf.com/content/CVPR2026/html/Bensabath_Text-Driven_3D_Hand_Motion_Generation_from_Sign_Language_Data_CVPR_2026_paper.html,"Our goal is to train a generative model of 3D hand motions, conditioned on natural language descriptions specifying motion characteristics such as handshapes, locations, finger/hand/arm movements. To this end, we automatically build pairs of 3D hand motions and their associated textual labels with unprecedented scale. Specifically, we leverage a large-scale sign language video dataset, along with "
Video Generation,Accelerating Autoregressive Video Diffusion via History-Guided Cache and Residual Correction,https://openaccess.thecvf.com/content/CVPR2026/html/Nan_Accelerating_Autoregressive_Video_Diffusion_via_History-Guided_Cache_and_Residual_Correction_CVPR_2026_paper.html,"Caching-based acceleration methods have recently driven significant progress in efficient video generation with diffusion models. However, we identify a critical limitation when directly applying these acceleration techniques to autoregressive video diffusion models, which generate long videos by sequentially synthesizing segments conditioned on historical context. In such settings, any approximat"
Video Generation,MusicInfuser: Making Video Diffusion Listen and Dance,https://openaccess.thecvf.com/content/CVPR2026/html/Hong_MusicInfuser_Making_Video_Diffusion_Listen_and_Dance_CVPR_2026_paper.html,"We introduce MusicInfuser, an approach that aligns pre-trained text-to-video diffusion models to generate high-quality dance videos synchronized with specified music tracks. Rather than training a multimodal audio-video or audio-motion model from scratch, our method demonstrates how existing video diffusion models can be efficiently adapted to align with musical inputs. We propose a novel layer-wi"
Video Generation,PriVi: Towards a General-Purpose Video Model for Primate Behavior in the Wild,https://openaccess.thecvf.com/content/CVPR2026/html/Mueller_PriVi_Towards_a_General-Purpose_Video_Model_for_Primate_Behavior_in_CVPR_2026_paper.html,"Non-human primates are our closest living relatives, and analyzing their behavior is central to research in cognition, evolution, and conservation. Computer vision could greatly aid this research, but existing methods often rely on human-centric pretrained models and focus on single datasets, which limits generalization. We address this limitation by shifting from a model-centric to a data-centric"
Video Generation,FrankenMotion: Part-level Human Motion Generation and Composition,https://openaccess.thecvf.com/content/CVPR2026/html/Li_FrankenMotion_Part-level_Human_Motion_Generation_and_Composition_CVPR_2026_paper.html,"Human motion generation from text prompts has made remarkable progress in recent years. However, existing methods primarily rely on either sequence-level or action-level descriptions due to the absence of fine-grained, part-level motion annotations. This limits their controllability over individual body parts.In this work, we construct a high-quality motion captioning dataset with atomic, temporal"
Video Generation,EasyV2V: A High-quality Instruction-based Video Editing Framework,https://openaccess.thecvf.com/content/CVPR2026/html/Mai_EasyV2V_A_High-quality_Instruction-based_Video_Editing_Framework_CVPR_2026_paper.html,"While image editing has advanced rapidly, video editing remains less explored, facing challenges in consistency, control, and generalization.We study the design space of data, architecture, and control, and introduce EasyV2V, a simple and effective framework for instruction-based video editing. On the data side, we compose existing experts with fast inverses to build diverse video pairs, lift imag"
Video Generation,Hear What You See: Video-to-Audio Generation with Diffusion Transformer and Semantic-Temporal Alignment-Ranked Direct Preference Optimization,https://openaccess.thecvf.com/content/CVPR2026/html/Wang_Hear_What_You_See_Video-to-Audio_Generation_with_Diffusion_Transformer_and_CVPR_2026_paper.html,"Generating high-fidelity audio that is both semantically meaningful and temporally synchronized with silent videos remains a challenging problem in video-to-audio generation. Existing approaches often fail to capture fine-grained temporal correspondence between visual events and audio dynamics, leading to unrealistic or desynchronized outputs. To address these limitations, we propose VisioSonic, a"
Video Generation,From Static to Dynamic: Exploring Self-supervised Image-to-Video Representation Transfer Learning,https://openaccess.thecvf.com/content/CVPR2026/html/Liu_From_Static_to_Dynamic_Exploring_Self-supervised_Image-to-Video_Representation_Transfer_Learning_CVPR_2026_paper.html,"Recent studies have made notable progress in video representation learning by transferring image-pretrained models to video tasks. This process typically introduces complex temporal processing modules with fine-tuning on video data. However, fine-tuning heavy modules may compromise inter-video semantic separability, i.e., the essential ability to distinguish objects across videos. While reducing t"
Video Generation,LAMP: Language-Assisted Motion Planning for Controllable Video Generation,https://openaccess.thecvf.com/content/CVPR2026/html/Kizil_LAMP_Language-Assisted_Motion_Planning_for_Controllable_Video_Generation_CVPR_2026_paper.html,"Recent advances in video generation have achieved remarkable progress in visual fidelity and controllability, enabling conditioning not only on text but also on structural layout and motion signals. Among these, motion control (i.e., specifying both object dynamics and camera trajectories) is particularly critical for directing complex, cinematic scenes, yet existing interfaces remain limited. To "
Video Generation,SceMoS: Scene-Aware 3D Human Motion Synthesis by Planning with Geometry-Grounded Tokens,https://openaccess.thecvf.com/content/CVPR2026/html/Ghosh_SceMoS_Scene-Aware_3D_Human_Motion_Synthesis_by_Planning_with_Geometry-Grounded_CVPR_2026_paper.html,"Synthesizing text-driven 3D human motion within realistic scenes requires learning both semantic intent (“walk to the couch”) and physical feasibility (e.g., avoiding collisions). Current methods use generative frameworks that simultaneously learn high-level planning and low-level contact reasoning, and rely on computationally expensive 3D scene data such as point clouds or voxel occupancy grids. "
Video Generation,Diverse Video Generation with Determinantal Point Process-Guided Policy Optimization,https://openaccess.thecvf.com/content/CVPR2026/html/Kazimi_Diverse_Video_Generation_with_Determinantal_Point_Process-Guided_Policy_Optimization_CVPR_2026_paper.html,"While recent text-to-video (T2V) diffusion models  have achieved impressive quality and prompt alignment, they often produce low-diversity outputs when sampling multiple videos from a single text prompt. We tackle this challenge by formulating it as a set-level policy optimization problem, with the goal of training a policy that can cover the diverse range of plausible outcomes for a given prompt."
Video Generation,DTG-Restore: Training-Free Diffusion Refinement for Generative Video Super-Resolution,https://openaccess.thecvf.com/content/CVPR2026/html/Yesiltepe_DTG-Restore_Training-Free_Diffusion_Refinement_for_Generative_Video_Super-Resolution_CVPR_2026_paper.html,"Recent progress in video diffusion models has enabled remarkable generative fidelity, yet leveraging these priors for restoration remains limited by the strong coupling between conditional and unconditional branches in standard classifier-free guidance. We introduce a training-free framework that enhances distorted and low-resolution videos by decoupling these signals in time. Our proposed Decoupl"
Video Generation,Infinity-RoPE: Action-Controllable Infinite Video Generation Emerges From Autoregressive Self-Rollout,https://openaccess.thecvf.com/content/CVPR2026/html/Yesiltepe_Infinity-RoPE_Action-Controllable_Infinite_Video_Generation_Emerges_From_Autoregressive_Self-Rollout_CVPR_2026_paper.html,"Current autoregressive video diffusion models are constrained by three core bottlenecks: (i) the finite temporal horizon imposed by the base model's 3D Rotary Positional Embedding (3D-RoPE), (ii) slow prompt responsiveness in maintaining fine-grained action control during long-form rollouts, and (iii) the inability to realize discontinuous cinematic transitions within a single generation stream. W"
Video Generation,InterPhys: Physics-aware Human Motion Synthesis in a Dynamic Scene,https://openaccess.thecvf.com/content/CVPR2026/html/Xing_InterPhys_Physics-aware_Human_Motion_Synthesis_in_a_Dynamic_Scene_CVPR_2026_paper.html,"This paper tackles the problem of physics-aware human motion synthesis in a dynamic scene. Unlike existing works which mainly tend to generate physically unrealistic motions due to limited contact modeling, typically restricted to hands, in this paper, we introduce a physics-aware human motion generation framework that explicitly models the full spectrum of human-related forces, including human-ob"
Video Generation,Interpretable Motion-Attentive Maps: Spatio-Temporally Localizing Concepts in Video Diffusion Transformers,https://cvpr.thecvf.com/virtual/2026/poster/38242,"Video Diffusion Transformers (DiTs) have been synthesizing high-quality video with high fidelity to text descriptions involving motion.  However, the understanding of how Video DiTs convert motion words into video remains lagging behind. Furthermore, prior studies on interpretable saliency maps primarily target objects, leaving it behind to observe how Video DiTs behave with respect to motion. In "
Video Generation,PHANTOM: Physics-Infused Video Generation via Joint Modeling of Visual and Latent Physical Dynamics,https://openaccess.thecvf.com/content/CVPR2026/html/Shen_PHANTOM_Physics-Infused_Video_Generation_via_Joint_Modeling_of_Visual_and_CVPR_2026_paper.html,"Recent advances in generative video modeling, driven by large-scale datasets and powerful architectures, have yielded remarkable visual realism. However, emerging evidence suggests that simply scaling data and model size does not endow these systems with an understanding of the underlying physical laws that govern real-world dynamics. Existing approaches often fail to capture or enforce such physi"
Video Generation,How Much 3D Do Video Foundation Models Encode?,https://openaccess.thecvf.com/content/CVPR2026/html/Huang_How_Much_3D_Do_Video_Foundation_Models_Encode_CVPR_2026_paper.html,"Videos are continuous 2D projections of 3D worlds. After training on large video data, will global 3D understanding naturally emerge? We study this by quantifying the 3D understanding of existing Video Foundation Models (VidFMs) pretrained on vast video data. We propose the first model-agnostic framework that measures the 3D awareness of various VidFMs by estimating multiple 3D properties from the"
Video Generation,Ref4D-VideoBench: Four-Dimensional Reference-Based Evaluation of Text-to-Video Generative Models,https://openaccess.thecvf.com/content/CVPR2026/html/Wei_Ref4D-VideoBench_Four-Dimensional_Reference-Based_Evaluation_of_Text-to-Video_Generative_Models_CVPR_2026_paper.html,"Most existing evaluations of generated videos adopt a no-reference paradigm. Although recent benchmarks cover multiple dimensions and show moderate correlation with human preferences, relying solely on textual prompts weakens real-world constraints and makes it difficult to produce accountable and interpretable judgments on instance-level issues such as target behavior deviation, temporal inconsis"
Video Generation,PS-SR: Pseudo-Single-Step Video Super-Resolution via Speculative Diffusion,https://openaccess.thecvf.com/content/CVPR2026/html/Wu_PS-SR_Pseudo-Single-Step_Video_Super-Resolution_via_Speculative_Diffusion_CVPR_2026_paper.html,"Video Super-Resolution (VSR) fundamentally struggles with a critical trade-off: single-step models offer unmatched efficiency but often lack the high-frequency detail, creativity, and visual quality of their multi-step diffusion counterparts, which are computationally prohibitive for practical use. In this paper, we propose PS-SR, a novel ""pseudo"" single-step VSR framework that transcends this tra"
Video Generation,STARFlow-V: End-to-End Video Generative Modeling with Autoregressive Normalizing Flows,https://openaccess.thecvf.com/content/CVPR2026/html/Gu_STARFlow-V_End-to-End_Video_Generative_Modeling_with_Autoregressive_Normalizing_Flows_CVPR_2026_paper.html,"Normalizing flows (NFs) are end-to-end likelihood-based generative models for continuous data, and have recently regained attention with encouraging progress on image generation. Yet in the video generation domain, where spatiotemporal complexity and computational cost are substantially higher, state-of-the-art systems almost exclusively rely on diffusion-based models. In this work, we revisit thi"
Video Generation,RunawayEvil: Jailbreaking the Image-to-Video Generative Models,https://openaccess.thecvf.com/content/CVPR2026/html/Wang_RunawayEvil_Jailbreaking_the_Image-to-Video_Generative_Models_CVPR_2026_paper.html,"Image-to-Video (I2V) generation represents a frontier in content creation, where models synthesize dynamic visual sequences by jointly reasoning from both image and text prompts. This multimodal grounding enables diverse controllability over video attributes. However, it is precisely this capability that introduces a critical security blind spot: by exploiting the interplay between visual and text"
Video Generation,Efficient Training for Human Video Generation with Entropy-Guided Prioritized Progressive Learning,https://openaccess.thecvf.com/content/CVPR2026/html/Li_Efficient_Training_for_Human_Video_Generation_with_Entropy-Guided_Prioritized_Progressive_CVPR_2026_paper.html,"Human video generation has advanced rapidly with the development of diffusion models, but the high computational cost and substantial memory consumption associated with training these models on high-resolution, multi-frame data pose significant challenges. In this paper, we propose Entropy-Guided Prioritized Progressive Learning (Ent-Prog), an efficient training framework tailored for diffusion mo"
Video Generation,VISTA: A Test-Time Self-Improving Video Generation Agent,https://openaccess.thecvf.com/content/CVPR2026/html/Long_VISTA_A_Test-Time_Self-Improving_Video_Generation_Agent_CVPR_2026_paper.html,"Despite rapid advances in text-to-video synthesis, generated video quality remains critically dependent on precise user prompts. Existing test-time optimization methods, successful in other domains, struggle with the multi-faceted nature of video. In this work, we introduce VISTA (Video Iterative Self-improvemenT Agent), a novel multi-agent system that autonomously improves video generation throug"
Video Generation,PhysVid: Physics Aware Local Conditioning for Generative Video Models,https://openaccess.thecvf.com/content/CVPR2026/html/Pathak_PhysVid_Physics_Aware_Local_Conditioning_for_Generative_Video_Models_CVPR_2026_paper.html,"Generative video models achieve high visual fidelity but often violate basic physical principles, limiting reliability in real‑world settings. Prior attempts to inject physics rely on conditioning: frame‑level signals are domain‑specific and short‑horizon, while global text prompts are coarse and noisy, missing fine‑grained dynamics. We present PhysVid, a physics‑aware local conditioning scheme th"
Video Generation,VGA-Bench: A Unified Benchmark and Multi-Model Framework for Video Aesthetics and Generation Quality Evaluation,https://openaccess.thecvf.com/content/CVPR2026/html/Jiang_VGA-Bench_A_Unified_Benchmark_and_Multi-Model_Framework_for_Video_Aesthetics_CVPR_2026_paper.html,"The rapid advancement of AIGC-based video generation has underscored the critical need for comprehensive evaluation frameworks that go beyond traditional generation quality metrics to encompass aesthetic appeal. However, existing benchmarks remain largely focused on technical fidelity, leaving a significant gap in holistic assessment—particularly with respect to perceptual and artistic qualities. "
Video Generation,Content-Aware Dynamic Patchification for Efficient Video Diffusion,https://openaccess.thecvf.com/content/CVPR2026/html/Li_Content-Aware_Dynamic_Patchification_for_Efficient_Video_Diffusion_CVPR_2026_paper.html,"Diffusion Transformers (DiTs) achieve strong video generation performance but suffer from prohibitive computation cost due to dense spatiotemporal tokenization. Most existing works rely on uniform patchification, tokenizing non-overlapping spatiotemporal with a fixed patch size regardless of the underlying content. This content-agnostic tokenization results in substantial redundant computation, es"
Video Generation,EgoFlow: Gradient-Guided Flow Matching for Egocentric 6DoF Object Motion Generation,https://openaccess.thecvf.com/content/CVPR2026/html/Saroha_EgoFlow_Gradient-Guided_Flow_Matching_for_Egocentric_6DoF_Object_Motion_Generation_CVPR_2026_paper.html,"Understanding and predicting object motion from egocentric video is fundamental to embodied perception and interaction. However, generating physically consistent 6DoF trajectories remains challenging due to occlusions, fast motion, and the lack of explicit physical reasoning in existing generative models. We present EgoFlow, a flow-matching framework that synthesizes realistic and physically plaus"
Video Generation,Generative Neural Video Compression via Video Diffusion Prior,https://openaccess.thecvf.com/content/CVPR2026/html/Mao_Generative_Neural_Video_Compression_via_Video_Diffusion_Prior_CVPR_2026_paper.html,"We present \textbf{GNVC-VD}, the first DiT-based generative neural video compression framework built upon an advancedvideo generation foundation model, where spatio-temporal latent compression and sequence-level generative refinement are unified within a single codec. Existing perceptual codecs primarily rely on pre-trained \textbf{image} generative priors to restorehigh-frequency details, but the"
Video Generation,FloodDiffusion: Tailored Diffusion Forcing for Streaming Motion Generation,https://openaccess.thecvf.com/content/CVPR2026/html/Cai_FloodDiffusion_Tailored_Diffusion_Forcing_for_Streaming_Motion_Generation_CVPR_2026_paper.html,"We present FloodDiffusion, a new framework for text-driven, streaming human motion generation. Given time-varying text prompts, FloodDiffusion generates text-aligned, seamless motion sequences with real-time latency.Unlike existing methods that rely on chunk-by-chunk or auto-regressive model with diffusion head, we adopt a diffusion forcing framework to model this time-series generation task under"
Video Generation,VideoCoF: Unified Video Editing with Temporal Reasoner,https://openaccess.thecvf.com/content/CVPR2026/html/Yang_VideoCoF_Unified_Video_Editing_with_Temporal_Reasoner_CVPR_2026_paper.html,"Existing video editing methods face a critical trade-off: expert models offer precision but rely on task-specific priors like masks, hindering unification; conversely, unified temporal in-context learning models are mask-free but lack explicit spatial cues, leading to weak instruction-to-region mapping and imprecise localization. To resolve this conflict, we propose VideoCoF, a novel Chain-of-Fram"
Video Generation,Open the Motion Door: Atomic Motion Decomposition and Recomposition for Open-Vocabulary Motion Generation,https://openaccess.thecvf.com/content/CVPR2026/html/Fan_Open_the_Motion_Door_Atomic_Motion_Decomposition_and_Recomposition_for_CVPR_2026_paper.html,"Text-to-motion generation is a fundamental task in computer vision, aiming to synthesize 3D human motion sequences from natural language descriptions. However, due to the limited scale and diversity of existing datasets, models trained to directly map raw text to motion often struggle to generalize to out-of-domain textual inputs. We observe that although high-level motion semantics vary widely, m"
Video Generation,Flowception: Temporally Expansive Flow Matching for Video Generation,https://openaccess.thecvf.com/content/CVPR2026/html/Ifriqi_Flowception_Temporally_Expansive_Flow_Matching_for_Video_Generation_CVPR_2026_paper.html,"We present Flowception, a novel non-autoregressive and variable-length video generation framework. Flowception learns a probability path that interleaves discrete frame insertions with continuous frame denoising. Compared to autoregressive methods, Flowception alleviates error accumulation/drift as the frame insertion mechanism during sampling serves as an efficient compression mechanism to handle"
Video Generation,BAgger: Backwards Aggregation for Mitigating Drift in Autoregressive Video Diffusion Models,https://openaccess.thecvf.com/content/CVPR2026/html/Po_BAgger_Backwards_Aggregation_for_Mitigating_Drift_in_Autoregressive_Video_Diffusion_CVPR_2026_paper.html,"Autoregressive video models are promising for world modeling via next-frame prediction, but they suffer from exposure bias: a mismatch between training on clean contexts and inference on self-generated frames, causing errors to compound and quality to drift over time. We introduce Backwards Aggregation (BAgger), a self-supervised scheme that constructs corrective trajectories from the model’s own "
Video Generation,Training-free Motion Factorization for Compositional Video Generation,https://openaccess.thecvf.com/content/CVPR2026/html/Wang_Training-free_Motion_Factorization_for_Compositional_Video_Generation_CVPR_2026_paper.html,"Compositional video generation aims to synthesize multiple instances with diverse appearance and motion, which is widely applicable in real-world scenarios. However, current approaches mainly focus on binding semantics, neglecting to understand diverse motion categories specified in prompts. In this paper, we propose a \textbf{motion factorization} framework that decomposes complex motion into thr"
Video Generation,HandWorld: Hand-Centric Unified Video Action Generation,https://openaccess.thecvf.com/content/CVPR2026/html/Sun_HandWorld_Hand-Centric_Unified_Video_Action_Generation_CVPR_2026_paper.html,"Hand-object interaction forms the foundation of how humans interact with the world.Understanding the connection between hand action and egocentric video is essential for enabling embodied agents to perceive, simulate, and plan like humans. However, it is challenging to learn and predict across handactions and egocentric videos due to their non-linear relationship. In this work, we introduce HandWo"
Video Generation,DreamingComics: A Story Visualization Pipeline via Subject and Layout Customized Generation using Video Models,https://openaccess.thecvf.com/content/CVPR2026/html/Kwon_DreamingComics_A_Story_Visualization_Pipeline_via_Subject_and_Layout_Customized_CVPR_2026_paper.html,"Current story visualization methods tend to position subjects solely by text and face challenges in maintaining artistic consistency. To address these limitations, we introduce DreamingComics, a layout-aware story visualization framework. We build upon a pretrained video diffusion-transformer (DiT) model, leveraging its spatiotemporal priors to enhance identity and style consistency. For layout-ba"
Video Generation,Spatia: Video Generation with Updatable Spatial Memory,https://openaccess.thecvf.com/content/CVPR2026/html/Zhao_Spatia_Video_Generation_with_Updatable_Spatial_Memory_CVPR_2026_paper.html,"Existing video generation models struggle to maintain long-term spatial and temporal consistency due to the dense, high-dimensional nature of video signals. To overcome this limitation, we propose Spatia, a spatial memory–aware video generation framework that explicitly preserves a 3D scene point cloud as persistent spatial memory. Spatia iteratively generates video clips conditioned on this spati"
Video Generation,DynamicsBoost: Dynamic Plausible Video Generation via Annotation-Free Continuation Preference Optimization,https://openaccess.thecvf.com/content/CVPR2026/html/Li_DynamicsBoost_Dynamic_Plausible_Video_Generation_via_Annotation-Free_Continuation_Preference_Optimization_CVPR_2026_paper.html,"Despite significant progress in text-to-video generation, current models still suffer from unrealistic dynamics, temporal inconsistency, and unstable semantic alignment. Existing preference alignment approaches rely on costly and often ambiguous human or VLM-based video preference annotation, which has become a major bottleneck for scaling data. To address this challenge, we propose an annotation-"
Video Generation,GaussFusion: Improving 3D Reconstruction in the Wild with A Geometry-Informed Video Generator,https://openaccess.thecvf.com/content/CVPR2026/html/Zhu_GaussFusion_Improving_3D_Reconstruction_in_the_Wild_with_A_Geometry-Informed_CVPR_2026_paper.html,"We present GaussFusion, a novel approach for improving 3D Gaussian splatting (3DGS) reconstructions in the wild through geometry-informed video generation. GaussFusion mitigates common 3DGS artifacts, including floaters, flickering, and blur caused by camera pose errors, incomplete coverage, and noisy geometry initialization. Unlike prior RGB-based approaches limited to a single reconstruction pip"
Video Generation,STCDiT: Spatio-Temporally Consistent Diffusion Transformer for High-Quality Video Super-Resolution,https://openaccess.thecvf.com/content/CVPR2026/html/Chen_STCDiT_Spatio-Temporally_Consistent_Diffusion_Transformer_for_High-Quality_Video_Super-Resolution_CVPR_2026_paper.html,"We present STCDiT, a video super-resolution framework built upon a pre-trained video diffusion model, aiming to restore structurally faithful and temporally stable videos from degraded inputs, even under complex camera motions. The main challenges lie in maintaining temporal stability during reconstruction and preserving structural fidelity during generation. To address these challenges, we first "
Video Generation,Geometry-as-context: Modulating Explicit 3D in Scene-consistent Video Generation to Geometry Context,https://openaccess.thecvf.com/content/CVPR2026/html/Hu_Geometry-as-context_Modulating_Explicit_3D_in_Scene-consistent_Video_Generation_to_Geometry_CVPR_2026_paper.html,"Scene-consistent video generation aims to create videos that explore 3D scenes based on a camera trajectory. Previous methods rely on video generation models with external memory for consistency, or iterative 3D reconstruction and inpainting, which accumulate errors during inference due to incorrect intermediary outputs, non-differentiable processes, and separate models. To overcome these limitati"
Video Generation,EditCtrl: Disentangled Local and Global Control for Real-Time Generative Video Editing,https://openaccess.thecvf.com/content/CVPR2026/html/Litman_EditCtrl_Disentangled_Local_and_Global_Control_for_Real-Time_Generative_Video_CVPR_2026_paper.html,"High-fidelity generative video editing has seen significant quality improvements by leveraging pre-trained video foundation models. However, their computational cost is a major bottleneck, as they are often designed to inefficiently process the full video context regardless of the inpainting mask's size, even for sparse, localized edits. In this paper, we introduce EditCtrl, an efficient video inp"
Video Generation,EgoX: Egocentric Video Generation from a Single Exocentric Video,https://openaccess.thecvf.com/content/CVPR2026/html/Kang_EgoX_Egocentric_Video_Generation_from_a_Single_Exocentric_Video_CVPR_2026_paper.html,Egocentric perception enables humans to experience and understand the world directly from their own point of view. Translating exocentric (third-person) videos into egocentric (first-person) videos opens up new possibilities for immersive understanding but remains highly challenging due to extreme camera pose variations and minimal view overlap. This task requires faithfully preserving visible con
Video Generation,VideoMaMa: Mask-Guided Video Matting via Generative Prior,https://openaccess.thecvf.com/content/CVPR2026/html/Lim_VideoMaMa_Mask-Guided_Video_Matting_via_Generative_Prior_CVPR_2026_paper.html,"Generalizing video matting models to real-world videos remains a significant challenge due to the scarcity of labeled data. To address this, we present Video Mask-to-Matte Model VideoMaMa that converts coarse segmentation masks into pixel accurate alpha mattes, by leveraging pretrained video diffusion models. VideoMaMa demonstrates strong zero-shot generalization to real-world footage, even though"
Video Generation,MotionMaster: Generalizable Text-Driven Motion Generation and Editing,https://openaccess.thecvf.com/content/CVPR2026/html/Jiang_MotionMaster_Generalizable_Text-Driven_Motion_Generation_and_Editing_CVPR_2026_paper.html,"Text-driven human motion generation struggles with complex multi-action sequences and precise editing tasks due to limited training data diversity, inadequate motion representations, and fragmented generation pipelines. We present MotionMaster, a framework that addresses these challenges. First, we introduce MotionGB, a 10,000-hour motion dataset created from 400 hours of manually verified motion "
Video Generation,VDOT: Efficient Unified Video Creation via Optimal Transport Distillation,https://openaccess.thecvf.com/content/CVPR2026/html/Wang_VDOT_Efficient_Unified_Video_Creation_via_Optimal_Transport_Distillation_CVPR_2026_paper.html,"The rapid development of generative models has significantly advanced image and video applications. Among these, video creation, aimed at generating videos under various conditions, has gained substantial attention. However, existing video creation models either focus solely on a few specific conditions or suffer from excessively long generation times due to complex model inference, making them im"
Video Generation,CubeComposer: Spatio-Temporal Autoregressive 4K 360° Video Generation from Perspective Video,https://cvpr.thecvf.com/virtual/2026/poster/38446,"Generating high-quality 360° panoramic videos from perspective input is one of the crucial applications for virtual reality (VR), whereby high-resolution videos are especially important for immersive experience.Existing methods are constrained by computational limitations of vanilla diffusion models, only supporting $\leq$ 1K resolution native generation and relying on suboptimal post super-resolu"
Video Generation,FlashVSR: Towards Real-time Diffusion-Based Streaming Video Super Resolution,https://openaccess.thecvf.com/content/CVPR2026/html/Zhuang_FlashVSR_Towards_Real-time_Diffusion-Based_Streaming_Video_Super_Resolution_CVPR_2026_paper.html,"Diffusion models have recently advanced video restoration, but applying them to real-world and AIGC-generated video super-resolution (VSR) remains challenging due to high latency, prohibitive computation, and poor generalization to ultra-high resolutions. Our goal in this work is to make diffusion-based VSR practical by achieving efficiency, scalability, and near real-time performance. To this end"
Video Generation,What Are You Doing? A Closer Look at Controllable Human Video Generation,https://openaccess.thecvf.com/content/CVPR2026/html/Bugliarello_What_Are_You_Doing_A_Closer_Look_at_Controllable_Human_CVPR_2026_paper.html,"High-quality benchmarks are crucial for driving progress in machine learning research. However, despite the growing interest in video generation, there is no comprehensive dataset to evaluate human synthesis. Humans can perform a wide variety of actions and interactions, but existing datasets, like TikTok, TED-Talks, and HumanVid, lack the diversity and complexity to fully capture the capabilities"
Video Generation,GT-SVJ: Generative-Transformer-Based Self-Supervised Video Judge For Efficient Video Reward Modeling,https://openaccess.thecvf.com/content/CVPR2026/html/Shekhar_GT-SVJ_Generative-Transformer-Based_Self-Supervised_Video_Judge_For_Efficient_Video_Reward_Modeling_CVPR_2026_paper.html,"Aligning video generative models with human preferences remains challenging: current approaches rely on Vision-Language Models (VLMs) for reward modeling, but these models struggle to capture subtle temporal dynamics. We propose a fundamentally different approach: repurposing video generative models, which are inherently designed to model temporal structure, as reward models. We present the Genera"
Video Generation,Scaling Zero-Shot Reference-to-Video Generation,https://openaccess.thecvf.com/content/CVPR2026/html/Zhou_Scaling_Zero-Shot_Reference-to-Video_Generation_CVPR_2026_paper.html,"Reference-to-video (R2V) generation aims to synthesize videos that align with a text prompt while preserving the subject identity from reference images. However, current R2V methods are hindered by the reliance on explicit reference image-video-text triplets, whose construction is highly expensive and difficult to scale. We bypass this bottleneck by introducing Saber, a scalable zero-shot framewor"
Video Generation,PyraTok: Language-Aligned Pyramidal Tokenizer for Video Understanding and Generation,https://openaccess.thecvf.com/content/CVPR2026/html/Susladkar_PyraTok_Language-Aligned_Pyramidal_Tokenizer_for_Video_Understanding_and_Generation_CVPR_2026_paper.html,"Discrete video VAEs underpin modern text-to-video generation and video understanding systems, yet existing tokenizers typically learn visual codebooks at a single scale with limited vocabularies and shallow language supervision, leading to poor cross-modal alignment and zero-shot transfer. We introduce PyraTok, a language-aligned pyramidal tokenizer that learns semantically structured discrete lat"
Video Generation,Iterative Closed-Loop Motion Synthesis for Scaling the Capabilities of Humanoid Control,https://openaccess.thecvf.com/content/CVPR2026/html/Xu_Iterative_Closed-Loop_Motion_Synthesis_for_Scaling_the_Capabilities_of_Humanoid_CVPR_2026_paper.html,"Physics-based humanoid control relies on training with motion datasets that have diverse data distributions. However, the fixed difficulty distribution of datasets limits the performance ceiling of the trained control policies. Additionally, the method of acquiring high-quality data through professional motion capture systems is constrained by costs, making it difficult to achieve large-scale scal"
Video Generation,PLACID: Identity-Preserving Multi-Object Compositing via Video Diffusion with Synthetic Trajectories,https://openaccess.thecvf.com/content/CVPR2026/html/Tarres_PLACID_Identity-Preserving_Multi-Object_Compositing_via_Video_Diffusion_with_Synthetic_Trajectories_CVPR_2026_paper.html,"Recent advances in generative AI have dramatically improved photorealistic image synthesis, yet they fall short for studio-level multi-object compositing. This task demands simultaneous (i) near‑perfect preservation of each item’s identity, (ii) precise background and color fidelity, (iii) layout and design elements control, and (iv) complete, appealing displays showcasing all objects. However, cu"
Video Generation,Harmony: Harmonizing Audio and Video Generation through Cross-Task Synergy,https://openaccess.thecvf.com/content/CVPR2026/html/Hu_Harmony_Harmonizing_Audio_and_Video_Generation_through_Cross-Task_Synergy_CVPR_2026_paper.html,"The synthesis of synchronized audio-visual content is a key challenge in generative AI, with open-source models facing challenges in robust audio-video alignment. Our analysis reveals that this issue is rooted in three fundamental challenges of the joint diffusion process: (1) Correspondence Drift, where concurrently evolving noisy latents impede stable learning of alignment; (2) inefficient globa"
Video Generation,NeoVerse: Enhancing 4D World Model with in-the-wild Monocular Videos,https://openaccess.thecvf.com/content/CVPR2026/html/Yang_NeoVerse_Enhancing_4D_World_Model_with_in-the-wild_Monocular_Videos_CVPR_2026_paper.html,"In this paper, we propose **NeoVerse**, a versatile 4D world model that is capable of 4D reconstruction, novel-trajectory video generation, and rich downstream applications. We first identify a common limitation of scalability in current 4D world modeling methods, caused either by expensive and specialized multi-view 4D data or by cumbersome training pre-processing. In contrast, our NeoVerse is bu"
Video Generation,DisCa: Accelerating Video Diffusion Transformers with Distillation-Compatible Learnable Feature Caching,https://openaccess.thecvf.com/content/CVPR2026/html/Zou_DisCa_Accelerating_Video_Diffusion_Transformers_with_Distillation-Compatible_Learnable_Feature_Caching_CVPR_2026_paper.html,"While diffusion models have achieved great success in the field of video generation, this progress is accompanied by a rapidly escalating computational burden.Among the existing acceleration methods, Feature Caching is popular due to its training-free property and considerable speedup performance,but it inevitably faces semantic and detail drop with further compression. Another widely adopted meth"
Video Generation,InstantViR: Real-Time Video Inverse Problem Solver with Distilled Diffusion Prior,https://openaccess.thecvf.com/content/CVPR2026/html/Bai_InstantViR_Real-Time_Video_Inverse_Problem_Solver_with_Distilled_Diffusion_Prior_CVPR_2026_paper.html,"Video inverse problems such as inpainting, deblurring and super-resolution are fundamental to streaming, telepresence, and AR/VR, where high perceptual quality must coexist with tight latency constraints. Diffusion-based priors currently deliver state-of-the-art reconstructions, but existing approaches either adapt image diffusion models with ad hoc temporal regularizers—leading to temporal artifa"
Video Generation,LaVR: Scene Latent Conditioned Generative Video Trajectory Re-Rendering using Large 4D Reconstruction Models,https://openaccess.thecvf.com/content/CVPR2026/html/Xie_LaVR_Scene_Latent_Conditioned_Generative_Video_Trajectory_Re-Rendering_using_Large_CVPR_2026_paper.html,"Given a monocular video, the goal of video re-rendering is to generate views of the scene from a novel camera trajectory. Existing methods face two distinct challenges. Geometrically unconditioned models lack spatial awareness, leading to drift and deformation under viewpoint changes. On the other hand, geometrically-conditioned models depend on estimated depth and explicit reconstruction, making "
Video Generation,SVBench: Evaluation of Video Generation Models on Social Reasoning,https://openaccess.thecvf.com/content/CVPR2026/html/Peng_SVBench_Evaluation_of_Video_Generation_Models_on_Social_Reasoning_CVPR_2026_paper.html,"Recent text-to-video generation models exhibit remarkable progress in visual realism, motion fidelity, and text–video alignment, yet they remain fundamentally limited in their ability to generate socially coherent behavior. Unlike humans—who effortlessly infer intentions, beliefs, emotions, and social norms from brief visual cues—current models tend to render literal scenes without capturing the u"
Video Generation,Transition Matching Distillation for Fast Video Generation,https://openaccess.thecvf.com/content/CVPR2026/html/Nie_Transition_Matching_Distillation_for_Fast_Video_Generation_CVPR_2026_paper.html,"Large video diffusion and flow models have achieved remarkable success in high-quality video generation, but their use in real-time interactive applications remains limited due to their inefficient multi-step sampling process. In this work, we present Transition Matching Distillation (TMD), a novel framework for distilling video diffusion models into efficient few-step generators. The central idea"
Video Generation,Lighting-grounded Video Generation with Renderer-based Agent Reasoning,https://openaccess.thecvf.com/content/CVPR2026/html/Cai_Lighting-grounded_Video_Generation_with_Renderer-based_Agent_Reasoning_CVPR_2026_paper.html,"Diffusion models have achieved remarkable progress in video generation, but their controllability remains a major limitation. Key scene factors such as layout, lighting, and camera trajectory are often entangled or only weakly modeled, restricting their applicability in domains like filmmaking and virtual production where explicit scene control is essential. We present LiVER, a diffusion-based fra"
Video Generation,Generating Humanless Environment Walkthroughs from Egocentric Walking Tour Videos,https://openaccess.thecvf.com/content/CVPR2026/html/Ham_Generating_Humanless_Environment_Walkthroughs_from_Egocentric_Walking_Tour_Videos_CVPR_2026_paper.html,"Egocentric ``walking tour'' videos provide a rich source of image data to develop rich and diverse visual models of environments around the world. However, the significant presence of humans in frames of these videos due to crowds and eye-level camera perspectives mitigates their usefulness in environment modeling applications. We focus on addressing this challenge by developing a generative algor"
Video Generation,Stability-Driven Motion Generation for Object-Guided Human-Human Co-Manipulation,https://openaccess.thecvf.com/content/CVPR2026/html/Xu_Stability-Driven_Motion_Generation_for_Object-Guided_Human-Human_Co-Manipulation_CVPR_2026_paper.html,"Co-manipulation requires multiple humans to synchronize their motions with a shared object while ensuring reasonable interactions, maintaining natural poses, and preserving stable states. However, most existing motion generation approaches are designed for single-character scenarios or fail to account for payload-induced dynamics. In this work, we propose a flow-matching framework that ensures the"
Video Generation,TempoControl: Temporal Attention Guidance for Text-to-Video Models,https://openaccess.thecvf.com/content/CVPR2026/html/Schiber_TempoControl_Temporal_Attention_Guidance_for_Text-to-Video_Models_CVPR_2026_paper.html,"Recent advances in generative video models have enabled the creation of high-quality videos based on natural language prompts. However, these models frequently lack fine-grained temporal control, meaning they do not allow users to specify when particular visual elements should appear within a generated sequence. In this work, we introduce TempoControl, a method that allows for temporal alignment o"
Video Generation,Endless World: Real-Time 3D-Aware Long Video Generation,https://openaccess.thecvf.com/content/CVPR2026/html/Zhang_Endless_World_Real-Time_3D-Aware_Long_Video_Generation_CVPR_2026_paper.html,"Producing long, coherent video sequences with stable 3D structure remains a major challenge, particularly in streaming scenarios. Motivated by this, we introduce Endless World, a real-time framework for infinite, 3D-consistent video generation. To support infinite video generation, we introduce a conditional autoregressive training strategy that aligns newly generated content with existing video f"
Video Generation,TEAR: Temporal-aware Automated Red-teaming for Text-to-Video Models,https://openaccess.thecvf.com/content/CVPR2026/html/He_TEAR_Temporal-aware_Automated_Red-teaming_for_Text-to-Video_Models_CVPR_2026_paper.html,"Text-to-Video (T2V) models are capable of synthesizing high-quality, temporally coherent dynamic video content, but the diverse generation also inherently introduces critical safety challenges. Existing safety evaluation methods, which focus on static image and text generation, are insufficient to capture the complex temporal dynamics in video generation. To address this, we propose a $\textbf{TE}"
Video Generation,CineBrain: A Large-Scale Multi-Modal Audiovisual Brain Dataset for Brain-Conditioned Video Generation,https://openaccess.thecvf.com/content/CVPR2026/html/Gao_CineBrain_A_Large-Scale_Multi-Modal_Audiovisual_Brain_Dataset_for_Brain-Conditioned_Video_CVPR_2026_paper.html,"Most research decoding brain signals into images, often using them as priors for generative models, has focused only on visual content. This overlooks the brain's natural ability to integrate auditory and visual information, for instance, sound strongly influences how we perceive visual scenes. To investigate this,we propose a new task of reconstructing continuous video stimuli from multimodal bra"
Video Generation,TEAR: Temporal-aware Automated Red-teaming for Text-to-Video Models,https://openaccess.thecvf.com/content/CVPR2026/html/He_TEAR_Temporal-aware_Automated_Red-teaming_for_Text-to-Video_Models_CVPR_2026_paper.html,"Text-to-Video (T2V) models are capable of synthesizing high-quality, temporally coherent dynamic video content, but the diverse generation also inherently introduces critical safety challenges. Existing safety evaluation methods, which focus on static image and text generation, are insufficient to capture the complex temporal dynamics in video generation. To address this, we propose a $\textbf{TE}"
Video Generation,HoloCine: Holistic Generation of Cinematic Multi-Shot Long Video Narratives,https://openaccess.thecvf.com/content/CVPR2026/html/Meng_HoloCine_Holistic_Generation_of_Cinematic_Multi-Shot_Long_Video_Narratives_CVPR_2026_paper.html,"State-of-the-art text-to-video models excel at generating isolated clips but fall short of creating the coherent, multi-shot narratives, which are the essence of storytelling. We bridge this ""narrative gap"" with HoloCine, a model that generates entire scenes holistically to ensure global consistency from the first shot to the last. Our architecture achieves precise directorial control through a Wi"
Video Generation,Reasoning Diffusion for Unpaired Test Time Out-of-distribution Text-Image to Video Generation,https://openaccess.thecvf.com/content/CVPR2026/html/Pan_Reasoning_Diffusion_for_Unpaired_Test_Time_Out-of-distribution_Text-Image_to_Video_CVPR_2026_paper.html,"Text-image to video generation aims to synthesize a video conditioned on the given text-image inputs. Nevertheless, existing methods generally assume that the semantic information carried in the input text and image tends to be perfectly paired and temporally aligned, occurring simultaneously in the generated video. As such, existing literature struggles with ``unpaired'' text-image inputs in the "
Video Generation,ORV: 4D Occupancy-centric Robot Video Generation,https://openaccess.thecvf.com/content/CVPR2026/html/Yang_ORV_4D_Occupancy-centric_Robot_Video_Generation_CVPR_2026_paper.html,"Recent embodied intelligence suffers from data scarcity, while conventional simulators lack visual realism. Controllable video generation is emerging as a promising data engine, yet current action-conditioned methods still fall short: generated videos are limited in fidelity and temporal consistency, poorly aligned with controls, and often constrained to singleview settings. We attribute these iss"
Video Generation,Omni2Sound: Towards Unified Video-Text-to-Audio Generation,https://openaccess.thecvf.com/content/CVPR2026/html/Dai_Omni2Sound_Towards_Unified_Video-Text-to-Audio_Generation_CVPR_2026_paper.html,"Training a unified model for the generation of video-to-audio (V2A), text-to-audio (T2A) and joint video-text-to-audio (VT2A) offers significant flexibility, but is hindered by critical and unexplored challenges. We identify two foundational problems: (1) the scarcity of high-quality audio captions that feature a tight A-V-T alignment, leading to severe semantic conflict in multimodal training dat"
Video Generation,ConsID-Gen: View-Consistent and Identity-Preserving Image-to-Video Generation,https://openaccess.thecvf.com/content/CVPR2026/html/Wu_ConsID-Gen_View-Consistent_and_Identity-Preserving_Image-to-Video_Generation_CVPR_2026_paper.html,"Image-to-Video generation (I2V) animates a static image into a temporally coherent video sequence following textual instructions, yet preserving fine-grained object identity under changing viewpoints remains a persistent challenge. Unlike text-to-video models, existing I2V pipelines often suffer from appearance drift and geometric distortion, artifacts we attribute to the sparsity of single-view 2"
Video Generation,Video Generation with Stable Transparency via Shiftable RGB-A Distribution Learner,https://openaccess.thecvf.com/content/CVPR2026/html/Dong_Video_Generation_with_Stable_Transparency_via_Shiftable_RGB-A_Distribution_Learner_CVPR_2026_paper.html,"Generating RGB-A videos, which include alpha channels for transparency, has wide applications. However, current methods often suffer from low quality due to confusion between RGB and alpha. In this paper, we address this problem by learning shiftable RGB‑A distributions. We adjust both the latent space and noise space, shifting the alpha distribution outward while preserving the RGB distribution, "
Video Generation,"NOVA: Sparse Control, Dense Synthesis for Pair-Free Video Editing",https://openaccess.thecvf.com/content/CVPR2026/html/Pan_NOVA_Sparse_Control_Dense_Synthesis_for_Pair-Free_Video_Editing_CVPR_2026_paper.html,"Recent video editing models have achieved impressive results, but most still require large-scale paired datasets. Collecting such naturally aligned pairs at scale remains highly challenging and constitutes a critical bottleneck, especially for local video editing data. Existing workarounds transfer image editing to video through global motion control for pair-free video editing, but such designs s"
Video Generation,Benchmarking Single-Factor Physical Video-to-Audio Generation,https://openaccess.thecvf.com/content/CVPR2026/html/Li_Benchmarking_Single-Factor_Physical_Video-to-Audio_Generation_CVPR_2026_paper.html,"Generative video-to-audio (V2A) models produce highly plausible soundtracks, but it remains unclear whether they capture the underlying physical processes. Existing evaluations emphasize perceptual realism and overlook physical correctness under controlled interventions. In this paper, we introduce FlatSounds, a benchmark that audits the physical reasoning of V2A models through: 1) controlled coun"
Video Generation,UniAVGen: Unified Audio and Video Generation with Asymmetric Cross-Modal Interactions,https://openaccess.thecvf.com/content/CVPR2026/html/Zhang_UniAVGen_Unified_Audio_and_Video_Generation_with_Asymmetric_Cross-Modal_Interactions_CVPR_2026_paper.html,"Due to the lack of effective cross-modal modeling, existing open-source audio-video generation methods often exhibit compromised lip synchronization and insufficient semantic consistency. To mitigate these drawbacks, we propose UniAVGen, a unified framework for human-centric joint audio and video generation. UniAVGen is anchored in a dual-branch joint synthesis architecture, incorporating two para"
Video Generation,Free-Lunch Long Video Generation via Layer-Adaptive O.O.D Correction,https://openaccess.thecvf.com/content/CVPR2026/html/Tian_Free-Lunch_Long_Video_Generation_via_Layer-Adaptive_O.O.D_Correction_CVPR_2026_paper.html,"Generating long videos using pre-trained video diffusion models, which are typically trained on short clips, presents a significant challenge. Directly applying these models for long-video inference often leads to a notable degradation in visual quality. This paper identifies that this issue primarily stems from two out-of-distribution (O.O.D) problems: frame-level relative position O.O.D and cont"
Video Generation,ShotDirector: Directorially Controllable Multi-Shot Video Generation with Cinematographic Transitions,https://openaccess.thecvf.com/content/CVPR2026/html/Wu_ShotDirector_Directorially_Controllable_Multi-Shot_Video_Generation_with_Cinematographic_Transitions_CVPR_2026_paper.html,"Shot transitions play a pivotal role in multi-shot video generation, as they determine the overall narrative expression and the directorial design of visual storytelling.However, recent progress has primarily focused on low-level visual consistency across shots, neglecting how transitions are designed and how cinematographic language contributes to coherent narrative expression. This often leads t"
Video Generation,Are Image-to-Video Models Good Zero-Shot Image Editors?,https://openaccess.thecvf.com/content/CVPR2026/html/Zhang_Are_Image-to-Video_Models_Good_Zero-Shot_Image_Editors_CVPR_2026_paper.html,"Large-scale video diffusion models exhibit strong world-simulation and temporal reasoning capabilities, yet their potential as zero-shot image editors remains underexplored. We present \ifedit{IF-Edit} (\textbf{I}mage Edit by Generating \textbf{F}rames), a tuning-free framework that repurposes pre-trained image-to-video diffusion models for instruction-driven image editing. \ifedit{IF-Edit} addres"
Video Generation,FastLightGen: Fast and Light Video Generation with Fewer Steps and Parameters,https://openaccess.thecvf.com/content/CVPR2026/html/Shao_FastLightGen_Fast_and_Light_Video_Generation_with_Fewer_Steps_and_CVPR_2026_paper.html,"The recent advent of powerful video generation models, such as Hunyuan, WanX, Veo3, and Kling, has inaugurated a new era in the field. However, the practical deployment of these models is severely impeded by their substantial computational overhead, which stems from enormous parameter counts and the iterative, multi-step sampling process required during inference. Prior research on accelerating ge"
Video Generation,Thermal Diffusion Matters: Infrared Spatial-Temporal Video Super-Resolution through Heat Conduction Priors,https://openaccess.thecvf.com/content/CVPR2026/html/Zhou_Thermal_Diffusion_Matters_Infrared_Spatial-Temporal_Video_Super-Resolution_through_Heat_Conduction_CVPR_2026_paper.html,"Infrared video acquisition inherently suffers from low spatial resolution and limited frame rates due to the physical constraints of thermal imaging sensors. These limitations make infrared video enhancement uniquely challenging, as it requires restoring spatial details and temporal continuity from highly undersampled thermal signals. To address this challenge, we propose `THERIS`, a unified **THE"
Video Generation,TextOVSR: Text-Guided Real-World Opera Video Super-Resolution,https://openaccess.thecvf.com/content/CVPR2026/html/Chang_TextOVSR_Text-Guided_Real-World_Opera_Video_Super-Resolution_CVPR_2026_paper.html,"Many classic opera videos exhibit poor visual quality due to the limitations of early filming equipment and long-term degradation during storage. Although real-world video super-resolution (RWVSR) has achieved significant advances in recent years, directly applying existing methods to degraded opera videos remains challenging. The difficulties are twofold. First, accurately modeling real-world deg"
Video Generation,3D-Aware Implicit Motion Control for View-Adaptive Human Video Generation,https://openaccess.thecvf.com/content/CVPR2026/html/Fang_3D-Aware_Implicit_Motion_Control_for_View-Adaptive_Human_Video_Generation_CVPR_2026_paper.html,"Existing methods for human motion control in video generation typically rely on either 2D poses or explicit 3D parametric models (e.g., SMPL) as control signals. However, 2D poses rigidly bind motion to the driving viewpoint, precluding novel-view synthesis. Explicit 3D models, though structurally informative, suffer from inherent inaccuracies (e.g., depth ambiguity and inaccurate dynamics) which,"
Video Generation,MotionEnhancer: Leveraging Video Diffusion for Motion-Enhanced Vision-Language Models,https://openaccess.thecvf.com/content/CVPR2026/html/Xu_MotionEnhancer_Leveraging_Video_Diffusion_for_Motion-Enhanced_Vision-Language_Models_CVPR_2026_paper.html,"The new era has witnessed a remarkable capability to extend Vision-Language Models (VLMs) for tackling tasks of video understanding. While current VLMs excel at event- or story-level understanding, their ability to capture fine-grained motion details remains limited, primarily due to their focus on high-level static semantic structures and macro-event logic. In contrast, Video Diffusion Models (VD"
Video Generation,FlexTraj: Image-to-Video Generation with Flexible Point Trajectory Control,https://openaccess.thecvf.com/content/CVPR2026/html/Zhang_FlexTraj_Image-to-Video_Generation_with_Flexible_Point_Trajectory_Control_CVPR_2026_paper.html,"We present FlexTraj, a framework for image-to-video generation with flexible point trajectory control. FlexTraj introduces a unified point-based motion representation that encodes each point with a  temporally consistent trajectory ID, a segmentation ID, and an optional color channel for appearance cues, enabling both dense and sparse trajectory control. Instead of injecting trajectory conditions "
Video Generation,Diff4Splat: Repurposing Video Diffusion Models for Dynamic Scene Generation,https://openaccess.thecvf.com/content/CVPR2026/html/Pan_Diff4Splat_Repurposing_Video_Diffusion_Models_for_Dynamic_Scene_Generation_CVPR_2026_paper.html,"We introduce Diff4Splat, a feed-forward framework for dynamic scene generation from a single image. Our method synergizes the powerful generative priors of video diffusion models with geometric and motion constraints learned from a large-scale 4D dataset. Given a single image, a camera trajectory, and an optional text prompt, our model directly predicts a dynamic scene represented by a deformable "
Video Generation,EgoControl: Controllable Egocentric Video Generation via 3D Full-Body Poses,https://openaccess.thecvf.com/content/CVPR2026/html/Pallotta_EgoControl_Controllable_Egocentric_Video_Generation_via_3D_Full-Body_Poses_CVPR_2026_paper.html,"Egocentric video generation with fine-grained control through body motion is a key requirement towards embodied AI agents that can simulate, predict, and plan actions. In this work, we propose EgoControl, a pose-controllable video diffusion model trained on egocentric data. We train a video prediction model to condition future frame generation on explicit 3D body pose sequences. To achieve precise"
Video Generation,Physical Simulator In-the-Loop Video Generation,https://openaccess.thecvf.com/content/CVPR2026/html/Foo_Physical_Simulator_In-the-Loop_Video_Generation_CVPR_2026_paper.html,"Recent advances in diffusion-based video generation have achieved remarkable visual realism but still struggle to obey basic physical laws such as gravity, inertia, and collision. Generated objects often move inconsistently across frames, exhibit implausible dynamics, or violate physical constraints, limiting the realism and reliability of AI-generated videos. We address this gap by introducing Ph"
Video Generation,FVBench: Benchmarking Deepfake Video Detection Capability of Large Multimodal Models,https://openaccess.thecvf.com/content/CVPR2026/html/Wang_FVBench_Benchmarking_Deepfake_Video_Detection_Capability_of_Large_Multimodal_Models_CVPR_2026_paper.html,"As generative models rapidly evolve, the realism of AI-generated videos has reached new levels, posing significant challenges for detecting the authenticity of videos. Existing deepfake detection techniques generally rely on training datasets with limited generation methods and content diversity, which limits their generalization ability on more realistic content, particularly that produced by the"
Video Generation,Your One-Stop Solution for AI-Generated Video Detection,https://openaccess.thecvf.com/content/CVPR2026/html/Ma_Your_One-Stop_Solution_for_AI-Generated_Video_Detection_CVPR_2026_paper.html,"Recent advances in generative modeling can create remarkably realistic synthetic videos, making it increasingly difficult for humans to distinguish them from real ones and necessitating reliable detection methods. However, two key limitations hinder the development of this field.**From the dataset perspective**, existing datasets are often limited in scale and constructed using outdated or narrowl"
Video Generation,UnityVideo: Unified Multi-Modal Multi-Task Learning for Enhancing World-Aware Video Generation,https://openaccess.thecvf.com/content/CVPR2026/html/Huang_UnityVideo_Unified_Multi-Modal_Multi-Task_Learning_for_Enhancing_World-Aware_Video_Generation_CVPR_2026_paper.html,"Recent video generation models demonstrate impressive synthesis capabilities but remain limited by single-modality conditioning, constraining their holistic world understanding. This stems from insufficient cross-modal interaction and limited modal diversity for comprehensive world knowledge representation.To address these limitations, we introduce UnityVideo, a unified framework for world-aware v"
Video Generation,Skyra: AI-Generated Video Detection via Grounded Artifact Reasoning,https://openaccess.thecvf.com/content/CVPR2026/html/Li_Skyra_AI-Generated_Video_Detection_via_Grounded_Artifact_Reasoning_CVPR_2026_paper.html,"The misuse of AI-driven video generation technologies has raised serious social concerns, highlighting the urgent need for reliable AI-generated video detectors. However, most existing methods are limited to binary classification and lack the necessary explanations for human interpretation. In this paper, we present $\textbf{Skyra}$, a specialized multimodal large language model (MLLM) that identi"
Video Generation,Thinking with Frames: Generative Video Distortion Evaluation via Frame Reward Model,https://openaccess.thecvf.com/content/CVPR2026/html/Wang_Thinking_with_Frames_Generative_Video_Distortion_Evaluation_via_Frame_Reward_CVPR_2026_paper.html,"Recent advances in video reward models and post-training strategies have improved text-to-video (T2V) generation. While these models typically assess visual quality, motion quality, and text alignment, they often overlook key structural distortions, such as abnormal object appearances and interactions, which can degrade the overall quality of the generative video.To address this gap, we introduce "
Video Generation,VMonarch: Efficient Video Diffusion Transformers with Structured Attention,https://openaccess.thecvf.com/content/CVPR2026/html/Liang_VMonarch_Efficient_Video_Diffusion_Transformers_with_Structured_Attention_CVPR_2026_paper.html,"The quadratic complexity of the attention mechanism severely limits the context scalability of Video Diffusion Transformers (DiTs). We find that the highly sparse spatio-temporal attention patterns exhibited in Video DiTs can be naturally represented by the Monarch matrix. It is a class of structured matrices with flexible sparsity, enabling sub-quadratic attention via an alternating minimization "
Video Generation,MoReGen: Multi-Agent Motion-Reasoning Engine for Code-based Text-to-Video Synthesis,https://openaccess.thecvf.com/content/CVPR2026/html/Bai_MoReGen_Multi-Agent_Motion-Reasoning_Engine_for_Code-based_Text-to-Video_Synthesis_CVPR_2026_paper.html,"While text-to-video (T2V) generation has achieved remarkable progress in photorealism, generating intent-aligned videos that faithfully obey physics principles remains a core challenge. In this work, we systematically study Newtonian motion-controlled text-to-video generation and evaluation, emphasizing physical precision and motion coherence. We introduce MoReGen, a motion-aware, physics-grounded"
Video Generation,TV2TV: A Unified Framework for Interleaved Language and Video Generation,https://openaccess.thecvf.com/content/CVPR2026/html/Han_TV2TV_A_Unified_Framework_for_Interleaved_Language_and_Video_Generation_CVPR_2026_paper.html,"Video generation models are rapidly advancing, but can still struggle with complex video outputs that require significant semantic branching or repeated high-level reasoning about what should happen next. In this paper, we introduce a new class of omni video-text models that integrate ideas from recent LM reasoning advances to address this challenge. More specifically, we present TV2TV, a unified "
Video Generation,SLVMEval: Synthetic Meta Evaluation Benchmark for Text-to-Long Video Generation,https://openaccess.thecvf.com/content/CVPR2026/html/Matsuda_SLVMEval_Synthetic_Meta_Evaluation_Benchmark_for_Text-to-Long_Video_Generation_CVPR_2026_paper.html,"We introduce SLVMEval, a benchmark for meta-evaluating text-to-video (T2V) evaluation systems. SLVMEval focuses on assessing these systems on long videos of up to 10,486 seconds (approximately 3 hours). Our benchmark targets a fundamental requirement: whether systems can accurately judge video quality in settings that are easy for humans to assess. We adopt a pairwise comparison-based meta-evaluat"
Video Generation,FlowDirector: Training-Free Flow Steering for Precise Text-to-Video Editing,https://openaccess.thecvf.com/content/CVPR2026/html/Li_FlowDirector_Training-Free_Flow_Steering_for_Precise_Text-to-Video_Editing_CVPR_2026_paper.html,"Text-driven video editing aims to modify video content based on natural language instructions. While recent training-free methods have leveraged pretrained diffusion models, they often rely on an inversion-editing paradigm. This paradigm maps the video to a latent space before editing. However, the inversion process is not perfectly accurate, often compromising appearance fidelity and motion consi"
Video Generation,Goal-Driven Reward by Video Diffusion Models for Reinforcement Learning,https://openaccess.thecvf.com/content/CVPR2026/html/Wang_Goal-Driven_Reward_by_Video_Diffusion_Models_for_Reinforcement_Learning_CVPR_2026_paper.html,"Reinforcement Learning (RL) has achieved remarkable success in various domains, yet it often relies on carefully designed programmatic reward functions to guide agent behavior.  Designing such reward functions can be challenging and may not generalize well across different tasks.  To address this limitation, we leverage the rich world knowledge contained in pretrained video diffusion models to pro"
Video Generation,SyncMos: Scalable Motion Synchronisation for Multi-Agent Scene Interaction,https://openaccess.thecvf.com/content/CVPR2026/html/Li_SyncMos_Scalable_Motion_Synchronisation_for_Multi-Agent_Scene_Interaction_CVPR_2026_paper.html,"Text-guided motion generation in 3D scenes has advanced the synthesis of human–scene interactions, contributing to embodied AI, scene understanding, and virtual agent simulation. While recent studies have begun exploring multi-agent scenarios, achieving temporally synchronised interactions among multiple agents remains an open challenge. Existing methods are often limited in flexibility and scalab"
Video Generation,FlashMotion: Few-Step Controllable Video Generation with Trajectory Guidance,https://openaccess.thecvf.com/content/CVPR2026/html/Li_FlashMotion_Few-Step_Controllable_Video_Generation_with_Trajectory_Guidance_CVPR_2026_paper.html,"Recent advances in trajectory-controllable video generation have achieved remarkable progress. Previous methods mainly use adapter-based architectures for precise motion control along predefined trajectories.However, all these methods rely on a multi-step denoising process, leading to substantial time redundancy and computational overhead.While existing video distillation methods successfully dist"
Video Generation,EchoVDiff: Cardiac-Cycle Echocardiography Video Generation from Arbitrary Frame,https://cvpr.thecvf.com/virtual/2026/poster/38146,"Reconstructing a physiologically plausible cardiac video from a single image remains a fundamental challenge in generative modeling, owing to the complex and nonlinear periodic dynamics of echocardiography. Previous image-to-video (I2V) approaches primarily focus on temporal continuity, yet often struggle to capture the intrinsic periodicity of cardiac motion, leading to limited temporal coherence"
Video Generation,SURF: Signature-Retained Fast Video Generation,https://openaccess.thecvf.com/content/CVPR2026/html/Ding_SURF_Signature-Retained_Fast_Video_Generation_CVPR_2026_paper.html,"The demand for high-resolution video generation is growing rapidly. However, the generation resolution is severely constrained by slow inference speeds. For instance, Wan2.1 requires over 50 minutes to generate a single 720p video. While previous works explore accelerating video generation from various aspects, most of them compromise the distinctive signatures (e.g., layout, semantic, motion) of "
Video Generation,Lynx: Towards High-Fidelity Personalized Video Generation,https://openaccess.thecvf.com/content/CVPR2026/html/Sang_Lynx_Towards_High-Fidelity_Personalized_Video_Generation_CVPR_2026_paper.html,"We present Lynx, a high-fidelity model for personalized video synthesis from a single input image. Built on an open-source Diffusion Transformer (DiT) foundation model, Lynx introduces two lightweight adapters to ensure identity fidelity. The ID-adapter employs a Perceiver Resampler to convert ArcFace-derived facial embeddings into compact identity tokens for conditioning, while the Ref-adapter in"
Video Generation,Real-Time Generation of Streamable Talking Portrait Video with Reference-Guided Deep Compression VAEs,https://openaccess.thecvf.com/content/CVPR2026/html/Xu_Real-Time_Generation_of_Streamable_Talking_Portrait_Video_with_Reference-Guided_Deep_CVPR_2026_paper.html,"Video diffusion models have significantly advanced portrait video generation, yet their high computational demands limit their use in interactive applications. This work presents a framework for streamable talking portrait video generation conditioned on speech audio and reference images. Designed meticulously for streaming scenarios, it features a causal video VAE for deep latent compression and "
Video Generation,Multi-level Causal LLM-based Text-to-Motion Generation with Human Alignment,https://openaccess.thecvf.com/content/CVPR2026/html/Chen_Multi-level_Causal_LLM-based_Text-to-Motion_Generation_with_Human_Alignment_CVPR_2026_paper.html,"Although progress has been made in LLM-based text-driven motion generation, it still has the limitations of generating fine-grained and semantically consistent motions. These limitations stem from: 1) fine-grained motion quantization errors; 2) mismatches between causal reasoning language and non-causal motion representation; and 3) lack of human preference alignment. To solve them, this paper pro"
Video Generation,LaMoGen: Language to Motion Generation Through LLM-Guided Symbolic Inference,https://openaccess.thecvf.com/content/CVPR2026/html/Jiang_LaMoGen_Language_to_Motion_Generation_Through_LLM-Guided_Symbolic_Inference_CVPR_2026_paper.html,"Human motion is highly expressive and naturally aligned with language, yet prevailing methods relying heavily on joint text-motion embeddings struggle to synthesize temporally accurate, detailed motions and often lack explainability. To address these limitations, we introduce LabanLite, a motion representation developed by adapting and extending the Labanotation system. Unlike black-box text–motio"
Video Generation,SymphoMotion: Joint Control of Camera Motion and Object Dynamics for Coherent Video Generation,https://openaccess.thecvf.com/content/CVPR2026/html/Zhang_SymphoMotion_Joint_Control_of_Camera_Motion_and_Object_Dynamics_for_CVPR_2026_paper.html,"Controlling both camera motion and object dynamics is essential for coherent and expressive video generation, yet current methods typically handle only one motion type or rely on ambiguous 2D cues that entangle camera-induced parallax with true object movement. We present SymphoMotion, a unified motion-control framework that jointly governs camera trajectories and object dynamics within a single m"
Video Generation,Pantheon360: Taming Digital Twin Generation via 3D-Aware 360° Video Diffusion,https://cvpr.thecvf.com/virtual/2026/poster/37612,"Generating complete digital twins from videos requires precise camera control, global scene coverage, and strict spatial–temporal consistency—constraints that remain challenging for perspective video generators due to their limited field of view (FoV). Their narrow FoV forces long or multi-view trajectories, amplifying cross-view inconsistency and temporal drift.We argue that 360° video generation"
Video Generation,WorldReel: 4D Video Generation with Consistent Geometry and Motion Modeling,https://openaccess.thecvf.com/content/CVPR2026/html/Fang_WorldReel_4D_Video_Generation_with_Consistent_Geometry_and_Motion_Modeling_CVPR_2026_paper.html,"Recent video generators achieve striking photorealism, yet remain fundamentally inconsistent in 3D. We present WorldReel, a 4D video generator that is natively spatio-temporally consistent. WorldReel jointly produces RGB frames together with 4D scene representations, including pointmaps, camera trajectory, and dense flow mapping, enabling coherent geometry and appearance modeling over time. Our ex"
Video Generation,CoCoVideo: The High-Quality Commercial-Model-Based Contrastive Benchmark for AI-Generated Video Detection,https://openaccess.thecvf.com/content/CVPR2026/html/Feng_CoCoVideo_The_High-Quality_Commercial-Model-Based_Contrastive_Benchmark_for_AI-Generated_Video_Detection_CVPR_2026_paper.html,"With the rapid advancement of artificial intelligence generated content (AIGC) technologies, video forgery has become increasingly prevalent, posing new challenges to public discourse and societal security. Despite remarkable progress in existing deepfake detection methods, AIGC forgery detection remains challenging, as existing datasets mainly rely on open-source video generation models with qual"
Video Generation,TiViBench: Benchmarking Think-in-Video Reasoning for Video Generation,https://openaccess.thecvf.com/content/CVPR2026/html/Chen_TiViBench_Benchmarking_Think-in-Video_Reasoning_for_Video_Generation_CVPR_2026_paper.html,"The rapid evolution of video generative models has shifted their focus from producing visually plausible outputs to tackling tasks requiring physical plausibility and logical consistency. However, despite recent breakthroughs such as Veo 3's chain-of-frames reasoning, it remains unclear whether these models can exhibit reasoning capabilities similar to large language models (LLMs). Existing benchm"
Video Generation,SoliReward: Mitigating Susceptibility to Reward Hacking and Annotation Noise in Video Generation Reward Models,https://openaccess.thecvf.com/content/CVPR2026/html/Lian_SoliReward_Mitigating_Susceptibility_to_Reward_Hacking_and_Annotation_Noise_in_CVPR_2026_paper.html,"Post-training alignment of video generation models with human preferences is a critical goal. Developing effective Reward Models (RMs) for this process faces significant methodological hurdles.Current data collection paradigms, reliant on in-prompt pairwise annotations, suffer from labeling noise. Concurrently, the architectural design of VLM-based RMs, particularly their output mechanisms, remain"
Video Generation,AnyID: Ultra-Fidelity Universal Identity-Preserving Video Generation from Any Visual References,https://openaccess.thecvf.com/content/CVPR2026/html/Wang_AnyID_Ultra-Fidelity_Universal_Identity-Preserving_Video_Generation_from_Any_Visual_References_CVPR_2026_paper.html,"Identity-preserving video generation offers powerful tools for creative expression, allowing users to customize videos featuring their beloved characters. However, prevailing methods are typically designed and optimized for a single identity reference. This underlying assumption introduces two significant limitations: it curtails creative flexibility by poorly accommodating diverse, real-world inp"
